id,name,brand,main_category,c1_category,c2_category,leaf_category,artical_no,series_name,model_no,mrp,seling_price,unit_of_measurement,selling_unit,magnitude_of_uom,description,image_1,image_2,image_3,image_4,image_5,attribute1a,attribute1b,attribute2a,attribute2b,attribute3a,attribute3b,attribute4a,attribute4b,attribute5a,attribute5b,attribute6a,attribute6b,attribute7a,attribute7b,attribute8a,attribute8b,attribute9a,attribute9b,attribute10a,attribute10b,attribute11a,attribute11b,image,sku_code,hsn,tax,catalogue_url,is_return_available,return_day,faq,width,height,depth,weight,min_quantity,ship_time
1569,"CSMBS2C0.5 C&S Electric- 0.5A 2 Pole, C Curve 10kA WiNtrip2 MCB (Pack of 6)",C&S Electric,Factory Automation,Low Voltage Switch Gear,--,--,CSMBS2C0.5,C-Series,CSMBS2C0.5,8130,6504,Piece,Pack of 6,1,"CSMBS2C0.5,C&S ,0.5A 2 Pole C Curve 10kA WiNtrip2 MCB:- Buy C&S, CSMBS2C0.5 in Best Rate All Over India. Distributors in Top Cities Such as Noida, Delhi NCR, Mumbai, Chennai, Bengaluru, Kolkata, Pune, Jaipur and Ahmedabad.",--,--,--,--,--,Type,C-Curve,No. of Poles,2 Pole,Breaking Capacity,10 kA,Current Rating,0.5 Amp,Rated Frequency,50/60Hz,Rated Voltage,240/415V,Degree of Protection,IP 20,Installation Position,Vertical / Horizontal,Terminal Capacity,35 mm2,Resistance to Shock,40mm free fall,Mounting,Din rail Size 35.5 mm,1710753236-Product-Screenshot 2024-03-18 144342.png,3347055861-CSMBS2C0.5-C&,8536,18%,--,--,--,--,--,--,--,--,1,1-2 Days
1570,"CSMBS2C1 C&S Electric- 1A 2 Pole, C Curve 10kA WiNtrip2 MCB (Pack of 6)",C&S Electric,Factory Automation,Low Voltage Switch Gear,--,--,CSMBS2C1,C-Series,CSMBS2C1,8130,6504,Piece,Pack of 6,1,"CSMBS2C1,C&S,1A 2 Pole C Curve 10kA WiNtrip2 MCB:- Buy C&S, CSMBS2C1 in Best Rate All Over India. Distributors in Top Cities Such as Noida, Delhi NCR, Mumbai, Chennai, Bengaluru, Kolkata, Pune, Jaipur and Ahmedabad.",--,--,--,--,--,Type,C-Curve,No. of Poles,2 Pole,Breaking Capacity,10 kA,Current Rating,1 Amp,Rated Frequency,50/60Hz,Rated Voltage,240/415V,Degree of Protection,IP 20,Installation Position,Vertical / Horizontal,Terminal Capacity,35 mm2,Resistance to Shock,40mm free fall,Mounting,Din rail Size 35.5 mm,1710753236-Product-Screenshot 2024-03-18 144342.png,4711018465-CSMBS2C1-C&S,8536,18%,--,--,--,--,--,--,--,--,1,1-2 Days
1571,"CSMBS2C2 C&S Electric- 2A 2 Pole, C Curve 10kA WiNtrip2 MCB (Pack of 6)",C&S Electric,Factory Automation,Low Voltage Switch Gear,--,--,CSMBS2C2,C-Series,CSMBS2C2,8130,6504,Piece,Pack of 6,1,"CSMBS2C2,C&S,2A 2 Pole C Curve 10kA WiNtrip2 MCB:- Buy C&S, CSMBS2C2 in Best Rate All Over India. Distributors in Top Cities Such as Noida, Delhi NCR, Mumbai, Chennai, Bengaluru, Kolkata, Pune, Jaipur and Ahmedabad.",--,--,--,--,--,Type,C-Curve,No. of Poles,2 Pole,Breaking Capacity,10 kA,Current Rating,2 Amp,Rated Frequency,50/60Hz,Rated Voltage,240/415V,Degree of Protection,IP 20,Installation Position,Vertical / Horizontal,Terminal Capacity,35 mm2,Resistance to Shock,40mm free fall,Mounting,Din rail Size 35.5 mm,1710753236-Product-Screenshot 2024-03-18 144342.png,4515378036-CSMBS2C2-C&S,8536,18%,--,--,--,--,--,--,--,--,1,1-2 Days
1572,"CSMBS2C3 C&S Electric- 3A 2 Pole, C Curve 10kA WiNtrip2 MCB (Pack of 6)",C&S Electric,Factory Automation,Low Voltage Switch Gear,--,--,CSMBS2C3,C-Series,CSMBS2C3,8130,6504,Piece,Pack of 6,1,"CSMBS2C3,C&S,3A 2 Pole C Curve 10kA WiNtrip2 MCB:- Buy C&S, CSMBS2C3 in Best Rate All Over India. Distributors in Top Cities Such as Noida, Delhi NCR, Mumbai, Chennai, Bengaluru, Kolkata, Pune, Jaipur and Ahmedabad.",--,--,--,--,--,Type,C-Curve,No. of Poles,2 Pole,Breaking Capacity,10 kA,Current Rating,3 Amp,Rated Frequency,50/60Hz,Rated Voltage,240/415V,Degree of Protection,IP 20,Installation Position,Vertical / Horizontal,Terminal Capacity,35 mm2,Resistance to Shock,40mm free fall,Mounting,Din rail Size 35.5 mm,1710753236-Product-Screenshot 2024-03-18 144342.png,5347253224-CSMBS2C3-C&S,8536,18%,--,--,--,--,--,--,--,--,1,1-2 Days
1573,"CSMBS2C4 C&S Electric- 4A 2 Pole, C Curve 10kA WiNtrip2 MCB (Pack of 6)",C&S Electric,Factory Automation,Low Voltage Switch Gear,--,--,CSMBS2C4,C-Series,CSMBS2C4,8130,6504,Piece,Pack of 6,1,"CSMBS2C4,C&S,4A 2 Pole C Curve 10kA WiNtrip2 MCB :- Buy C&S, CSMBS2\C4 in Best Rate All Over India. Distributors in Top Cities Such as Noida, Delhi NCR, Mumbai, Chennai, Bengaluru, Kolkata, Pune, Jaipur and Ahmedabad.",--,--,--,--,--,Type,C-Curve,No. of Poles,2 Pole,Breaking Capacity,10 kA,Current Rating,4 Amp,Rated Frequency,50/60Hz,Rated Voltage,240/415V,Degree of Protection,IP 20,Installation Position,Vertical / Horizontal,Terminal Capacity,35 mm2,Resistance to Shock,40mm free fall,Mounting,Din rail Size 35.5 mm,1710753236-Product-Screenshot 2024-03-18 144342.png,1633938058-CSMBS2C4-C&S,8536,18%,--,--,--,--,--,--,--,--,1,1-2 Days
1574,"CSMBS2C5 C&S Electric- 5A 2 Pole, C Curve 10kA WiNtrip2 MCB (Pack of 6)",C&S Electric,Factory Automation,Low Voltage Switch Gear,--,--,CSMBS2C5,C-Series,CSMBS2C5,8130,6504,Piece,Pack of 6,1,"CSMBS2C5,C&S,5A 2 Pole C Curve 10kA WiNtrip2 MCB:- Buy C&S, CSMBS2C5 in Best Rate All Over India. Distributors in Top Cities Such as Noida, Delhi NCR, Mumbai, Chennai, Bengaluru, Kolkata, Pune, Jaipur and Ahmedabad.",--,--,--,--,--,Type,C-Curve,No. of Poles,2 Pole,Breaking Capacity,10 kA,Current Rating,5 Amp,Rated Frequency,50/60Hz,Rated Voltage,240/415V,Degree of Protection,IP 20,Installation Position,Vertical / Horizontal,Terminal Capacity,35 mm2,Resistance to Shock,40mm free fall,Mounting,Din rail Size 35.5 mm,1710753236-Product-Screenshot 2024-03-18 144342.png,1178965844-CSMBS2C5-C&S,8536,18%,--,--,--,--,--,--,--,--,1,1-2 Days
1575,"CSMBS2C6 C&S Electric- 6A 2 Pole, C Curve 10kA WiNtrip2 MCB (Pack of 6)",C&S Electric,Factory Automation,Low Voltage Switch Gear,--,--,CSMBS2C6,C-Series,CSMBS2C6,5790,4632,Piece,Pack of 6,1,"CSMBS2C6,C&S,6A 2 Pole C Curve 10kA WiNtrip2 MCB :- Buy C&S, CSMBS2C6 in Best Rate All Over India. Distributors in Top Cities Such as Noida, Delhi NCR, Mumbai, Chennai, Bengaluru, Kolkata, Pune, Jaipur and Ahmedabad.",--,--,--,--,--,Type,C-Curve,No. of Poles,2 Pole,Breaking Capacity,10 kA,Current Rating,6 Amp,Rated Frequency,50/60Hz,Rated Voltage,240/415V,Degree of Protection,IP 20,Installation Position,Vertical / Horizontal,Terminal Capacity,35 mm2,Resistance to Shock,40mm free fall,Mounting,Din rail Size 35.5 mm,1710753236-Product-Screenshot 2024-03-18 144342.png,5102482583-CSMBS2C6-C&S,8536,18%,--,--,--,--,--,--,--,--,1,1-2 Days
1576,"CSMBS2C10 C&S Electric- 10A 2 Pole, C Curve 10kA WiNtrip2 MCB (Pack of 6)",C&S Electric,Factory Automation,Low Voltage Switch Gear,--,--,CSMBS2C10,C-Series,CSMBS2C10,5790,4632,Piece,Pack of 6,1,"CSMBS2C10,C&S10A 2 Pole C Curve 10kA WiNtrip2 MCB:- Buy C&S, CSMBS2C10 in Best Rate All Over India. Distributors in Top Cities Such as Noida, Delhi NCR, Mumbai, Chennai, Bengaluru, Kolkata, Pune, Jaipur and Ahmedabad.",--,--,--,--,--,Type,C-Curve,No. of Poles,2 Pole,Breaking Capacity,10 kA,Current Rating,10 Amp,Rated Frequency,50/60Hz,Rated Voltage,240/415V,Degree of Protection,IP 20,Installation Position,Vertical / Horizontal,Terminal Capacity,35 mm2,Resistance to Shock,40mm free fall,Mounting,Din rail Size 35.5 mm,1710753236-Product-Screenshot 2024-03-18 144342.png,4271921660-CSMBS2C10-C&S,8536,18%,--,--,--,--,--,--,--,--,1,1-2 Days
1577,"CSMBS2C16 C&S Electric- 16A 2 Pole, C Curve 10kA WiNtrip2 MCB (Pack of 6)",C&S Electric,Factory Automation,Low Voltage Switch Gear,--,--,CSMBS2C16,C-Series,CSMBS2C16,5790,4632,Piece,Pack of 6,1,"CSMBS2C16,C&S,16A 2 Pole C Curve 10kA WiNtrip2 MCB:- Buy C&S,CSMBS2C16 in Best Rate All Over India. Distributors in Top Cities Such as Noida, Delhi NCR, Mumbai, Chennai, Bengaluru, Kolkata, Pune, Jaipur and Ahmedabad.",--,--,--,--,--,Type,C-Curve,No. of Poles,2 Pole,Breaking Capacity,10 kA,Current Rating,16 Amp,Rated Frequency,50/60Hz,Rated Voltage,240/415V,Degree of Protection,IP 20,Installation Position,Vertical / Horizontal,Terminal Capacity,35 mm2,Resistance to Shock,40mm free fall,Mounting,Din rail Size 35.5 mm,1710753236-Product-Screenshot 2024-03-18 144342.png,8794058494-CSMBS2C16-C&S,8536,18%,--,--,--,--,--,--,--,--,1,1-2 Days
1578,"CSMBS2C20 C&S Electric- 20A 2 Pole, C Curve 10kA WiNtrip2 MCB (Pack of 6)",C&S Electric,Factory Automation,Low Voltage Switch Gear,--,--,CSMBS2C20,C-Series,CSMBS2C20,5790,4632,Piece,Pack of 6,1,"CSMBS2C20,C&S,20A 2 Pole C Curve 10kA WiNtrip2 MCB:- Buy C&S, CSMBS2C20 in Best Rate All Over India. Distributors in Top Cities Such as Noida, Delhi NCR, Mumbai, Chennai, Bengaluru, Kolkata, Pune, Jaipur and Ahmedabad.",--,--,--,--,--,Type,C-Curve,No. of Poles,2 Pole,Breaking Capacity,10 kA,Current Rating,20Amp,Rated Frequency,50/60Hz,Rated Voltage,240/415V,Degree of Protection,IP 20,Installation Position,Vertical / Horizontal,Terminal Capacity,35 mm2,Resistance to Shock,40mm free fall,Mounting,Din rail Size 35.5 mm,1710753236-Product-Screenshot 2024-03-18 144342.png,1450263332-CSMBS2C20-C&S,8536,18%,--,--,--,--,--,--,--,--,1,1-2 Days
1579,"CSMBS2C25 C&S Electric- 25A 2 Pole, C Curve 10kA WiNtrip2 MCB (Pack of 6)",C&S Electric,Factory Automation,Low Voltage Switch Gear,--,--,CSMBS2C25,C-Series,CSMBS2C25,5790,4632,Piece,Pack of 6,1,"CSMBS2C25,C&S,25A 2 Pole C Curve 10kA WiNtrip2 MCB:- Buy C&S,CSMBS2C25 in Best Rate All Over India. Distributors in Top Cities Such as Noida, Delhi NCR, Mumbai, Chennai, Bengaluru, Kolkata, Pune, Jaipur and Ahmedabad.",--,--,--,--,--,Type,C-Curve,No. of Poles,2 Pole,Breaking Capacity,10 kA,Current Rating,25 Amp,Rated Frequency,50/60Hz,Rated Voltage,240/415V,Degree of Protection,IP 20,Installation Position,Vertical / Horizontal,Terminal Capacity,35 mm2,Resistance to Shock,40mm free fall,Mounting,Din rail Size 35.5 mm,1710753236-Product-Screenshot 2024-03-18 144342.png,2897734163-CSMBS2C25-C&S,8536,18%,--,--,--,--,--,--,--,--,1,1-2 Days
1580,"CSMBS2C32 C&S Electric- 32A 2 Pole, C Curve 10kA WiNtrip2 MCB (Pack of 6)",C&S Electric,Factory Automation,Low Voltage Switch Gear,--,--,CSMBS2C32,C-Series,CSMBS2C32,5790,4632,Piece,Pack of 6,1,"CSMBS2C32,C&S,32A 2 Pole C Curve 10kA WiNtrip2 MCB:- Buy C&S, CSMBS2C32 in Best Rate All Over India. Distributors in Top Cities Such as Noida, Delhi NCR, Mumbai, Chennai, Bengaluru, Kolkata, Pune, Jaipur and Ahmedabad.",--,--,--,--,--,Type,C-Curve,No. of Poles,2 Pole,Breaking Capacity,10 kA,Current Rating,32 Amp,Rated Frequency,50/60Hz,Rated Voltage,240/415V,Degree of Protection,IP 20,Installation Position,Vertical / Horizontal,Terminal Capacity,35 mm2,Resistance to Shock,40mm free fall,Mounting,Din rail Size 35.5 mm,1710753236-Product-Screenshot 2024-03-18 144342.png,4958616073-CSMBS2C32-C&S,8536,18%,--,--,--,--,--,--,--,--,1,1-2 Days
1581,"CSMBS2C40 C&S Electric- 40A 2 Pole, C Curve 10kA WiNtrip2 MCB (Pack of 6)",C&S Electric,Factory Automation,Low Voltage Switch Gear,--,--,CSMBS2C40,C-Series,CSMBS2C40,8490,6792,Piece,Pack of 6,1,"CSMBS2C40,C&S,40A 2 Pole C Curve 10kA WiNtrip2 MCB:- Buy C&S, CSMBS2C40 in Best Rate All Over India. Distributors in Top Cities Such as Noida, Delhi NCR, Mumbai, Chennai, Bengaluru, Kolkata, Pune, Jaipur and Ahmedabad.",--,--,--,--,--,Type,C-Curve,No. of Poles,2 Pole,Breaking Capacity,10 kA,Current Rating,40 Amp,Rated Frequency,50/60Hz,Rated Voltage,240/415V,Degree of Protection,IP 20,Installation Position,Vertical / Horizontal,Terminal Capacity,35 mm2,Resistance to Shock,40mm free fall,Mounting,Din rail Size 35.5 mm,1710753236-Product-Screenshot 2024-03-18 144342.png,6836799212-CSMBS2C40-C&S,8536,18%,--,--,--,--,--,--,--,--,1,1-2 Days
1582,"CSMBS2C50 C&S Electric- 50A 2 Pole, C Curve 10kA WiNtrip2 MCB (Pack of 6)",C&S Electric,Factory Automation,Low Voltage Switch Gear,--,--,CSMBS2C50,C-Series,CSMBS2C50,9660,7728,Piece,Pack of 6,1,"CSMBS2C50,C&S,50A 2 Pole C Curve 10kA WiNtrip2 MCB:- Buy C&S, CSMBS2C50 in Best Rate All Over India. Distributors in Top Cities Such as Noida, Delhi NCR, Mumbai, Chennai, Bengaluru, Kolkata, Pune, Jaipur and Ahmedabad.",--,--,--,--,--,Type,C-Curve,No. of Poles,2 Pole,Breaking Capacity,10 kA,Current Rating,50 Amp,Rated Frequency,50/60Hz,Rated Voltage,240/415V,Degree of Protection,IP 20,Installation Position,Vertical / Horizontal,Terminal Capacity,35 mm2,Resistance to Shock,40mm free fall,Mounting,Din rail Size 35.5 mm,1710753236-Product-Screenshot 2024-03-18 144342.png,5068845841-CSMBS2C50-C&S,8536,18%,--,--,--,--,--,--,--,--,1,1-2 Days
1583,"CSMBS2C63 C&S Electric- 63A 2 Pole, C Curve 10kA WiNtrip2 MCB (Pack of 6)",C&S Electric,Factory Automation,Low Voltage Switch Gear,--,--,CSMBS2C63,C-Series,CSMBS2C63,9660,7728,Piece,Pack of 6,1,"CSMBS2C63,C&S,63A 2 Pole C Curve 10kA WiNtrip2 MCB:- Buy C&S,CSMBS2C63 in Best Rate All Over India. Distributors in Top Cities Such as Noida, Delhi NCR, Mumbai, Chennai, Bengaluru, Kolkata, Pune, Jaipur and Ahmedabad.",--,--,--,--,--,Type,C-Curve,No. of Poles,2 Pole,Breaking Capacity,10 kA,Current Rating,63 Amp,Rated Frequency,50/60Hz,Rated Voltage,240/415V,Degree of Protection,IP 20,Installation Position,Vertical / Horizontal,Terminal Capacity,35 mm2,Resistance to Shock,40mm free fall,Mounting,Din rail Size 35.5 mm,1710753236-Product-Screenshot 2024-03-18 144342.png,6396777690-CSMBS2C63-C&S,8536,18%,--,--,--,--,--,--,--,--,1,1-2 Days
1584,"CSMBS3C0.5 C&S Electric-0.5A 3 Pole, C Curve 10kA WiNtrip2 MCB (Pack of 4)",C&S Electric,Factory Automation,Low Voltage Switch Gear,--,--,CSMBS3C0.5,C-Series,CSMBS3C0.5,7620,6096,Piece,Pack of 4,1,"CSMBS3C0.5,C&S ,0.5A 3 Pole C Curve 10kA WiNtrip2 MCB:- Buy C&S, CSMBS3C0.5 in Best Rate All Over India. Distributors in Top Cities Such as Noida, Delhi NCR, Mumbai, Chennai, Bengaluru, Kolkata, Pune, Jaipur and Ahmedabad.",--,--,--,--,--,Type,C-Curve,No. of Poles,3 Pole,Breaking Capacity,10 kA,Current Rating,0.5 Amp,Rated Frequency,50/60Hz,Rated Voltage,240/415V,Degree of Protection,IP 20,Installation Position,Vertical / Horizontal,Terminal Capacity,35 mm2,Resistance to Shock,40mm free fall,Mounting,Din rail Size 35.5 mm,1710742824-Product-Screenshot 2024-03-18 115013.png,7864390661-CSMBS3C0.5-C&,8536,18%,--,--,--,--,--,--,--,--,1,1-2 Days
1585,"CSMBS3C1 C&S Electric- 1A 3 Pole, C Curve 10kA WiNtrip2 MCB (Pack of 4)",C&S Electric,Factory Automation,Low Voltage Switch Gear,--,--,CSMBS3C1,C-Series,CSMBS3C1,7620,6096,Piece,Pack of 4,1,"CSMBS3C1,C&S,1A 3 Pole C Curve 10kA WiNtrip2 MCB:- Buy C&S, CSMBS3C1 in Best Rate All Over India. Distributors in Top Cities Such as Noida, Delhi NCR, Mumbai, Chennai, Bengaluru, Kolkata, Pune, Jaipur and Ahmedabad.",--,--,--,--,--,Type,C-Curve,No. of Poles,3 Pole,Breaking Capacity,10 kA,Current Rating,1 Amp,Rated Frequency,50/60Hz,Rated Voltage,240/415V,Degree of Protection,IP 20,Installation Position,Vertical / Horizontal,Terminal Capacity,35 mm2,Resistance to Shock,40mm free fall,Mounting,Din rail Size 35.5 mm,1710742824-Product-Screenshot 2024-03-18 115013.png,5921312367-CSMBS3C1-C&S,8536,18%,--,--,--,--,--,--,--,--,1,1-2 Days
1586,"CSMBS3C2 C&S Electric- 2A 3 Pole, C Curve 10kA WiNtrip2 MCB (Pack of 4)",C&S Electric,Factory Automation,Low Voltage Switch Gear,--,--,CSMBS3C2,C-Series,CSMBS3C2,7620,6096,Piece,Pack of 4,1,"CSMBS3C2,C&S,2A 3 Pole C Curve 10kA WiNtrip2 MCB:- Buy C&S, CSMBS3C2 in Best Rate All Over India. Distributors in Top Cities Such as Noida, Delhi NCR, Mumbai, Chennai, Bengaluru, Kolkata, Pune, Jaipur and Ahmedabad.",--,--,--,--,--,Type,C-Curve,No. of Poles,3 Pole,Breaking Capacity,10 kA,Current Rating,2 Amp,Rated Frequency,50/60Hz,Rated Voltage,240/415V,Degree of Protection,IP 20,Installation Position,Vertical / Horizontal,Terminal Capacity,35 mm2,Resistance to Shock,40mm free fall,Mounting,Din rail Size 35.5 mm,1710742824-Product-Screenshot 2024-03-18 115013.png,7136331949-CSMBS3C2-C&S,8536,18%,--,--,--,--,--,--,--,--,1,1-2 Days
1587,"CSMBS3C3 C&S Electric- 3A 3 Pole, C Curve 10kA WiNtrip2 MCB (Pack of 4)",C&S Electric,Factory Automation,Low Voltage Switch Gear,--,--,CSMBS3C3,C-Series,CSMBS3C3,7620,6096,Piece,Pack of 4,1,"CSMBS3C3,C&S,3A 3 Pole C Curve 10kA WiNtrip2 MCB:- Buy C&S, CSMBS3C3 in Best Rate All Over India. Distributors in Top Cities Such as Noida, Delhi NCR, Mumbai, Chennai, Bengaluru, Kolkata, Pune, Jaipur and Ahmedabad.",--,--,--,--,--,Type,C-Curve,No. of Poles,3 Pole,Breaking Capacity,10 kA,Current Rating,3 Amp,Rated Frequency,50/60Hz,Rated Voltage,240/415V,Degree of Protection,IP 20,Installation Position,Vertical / Horizontal,Terminal Capacity,35 mm2,Resistance to Shock,40mm free fall,Mounting,Din rail Size 35.5 mm,1710742824-Product-Screenshot 2024-03-18 115013.png,6097300291-CSMBS3C3-C&S,8536,18%,--,--,--,--,--,--,--,--,1,1-2 Days
1588,"CSMBS3C4 C&S Electric- 4A 3 Pole, C Curve 10kA WiNtrip2 MCB (Pack of 4)",C&S Electric,Factory Automation,Low Voltage Switch Gear,--,--,CSMBS3C4,C-Series,CSMBS3C4,7620,6096,Piece,Pack of 4,1,"CSMBS3C4,C&S,4A 3 Pole C Curve 10kA WiNtrip2 MCB:- Buy C&S, CSMBS3C4 in Best Rate All Over India. Distributors in Top Cities Such as Noida, Delhi NCR, Mumbai, Chennai, Bengaluru, Kolkata, Pune, Jaipur and Ahmedabad.",--,--,--,--,--,Type,C-Curve,No. of Poles,3 Pole,Breaking Capacity,10 kA,Current Rating,4 Amp,Rated Frequency,50/60Hz,Rated Voltage,240/415V,Degree of Protection,IP 20,Installation Position,Vertical / Horizontal,Terminal Capacity,35 mm2,Resistance to Shock,40mm free fall,Mounting,Din rail Size 35.5 mm,1710742824-Product-Screenshot 2024-03-18 115013.png,3190751299-CSMBS3C4-C&S,8536,18%,--,--,--,--,--,--,--,--,1,1-2 Days
1589,"CSMBS3C5 C&S Electric- 5A 3 Pole, C Curve 10kA WiNtrip2 MCB (Pack of 4)",C&S Electric,Factory Automation,Low Voltage Switch Gear,--,--,CSMBS3C5,C-Series,CSMBS3C5,7620,6096,Piece,Pack of 4,1,"CSMBS3C5,C&S,5A 3 Pole C Curve 10kA WiNtrip2 MCB:- Buy C&S, CSMBS3C5 in Best Rate All Over India. Distributors in Top Cities Such as Noida, Delhi NCR, Mumbai, Chennai, Bengaluru, Kolkata, Pune, Jaipur and Ahmedabad.",--,--,--,--,--,Type,C-Curve,No. of Poles,3 Pole,Breaking Capacity,10 kA,Current Rating,5 Amp,Rated Frequency,50/60Hz,Rated Voltage,240/415V,Degree of Protection,IP 20,Installation Position,Vertical / Horizontal,Terminal Capacity,35 mm2,Resistance to Shock,40mm free fall,Mounting,Din rail Size 35.5 mm,1710742824-Product-Screenshot 2024-03-18 115013.png,4268004642-CSMBS3C5-C&S,8536,18%,--,--,--,--,--,--,--,--,1,1-2 Days
1590,"CSMBS3C6 C&S Electric- 6A 3 Pole, C Curve 10kA WiNtrip2 MCB (Pack of 4)",C&S Electric,Factory Automation,Low Voltage Switch Gear,--,--,CSMBS3C6,C-Series,CSMBS3C6,6100,4880,Piece,Pack of 4,1,"CSMBS3C6,C&S,6A 3 Pole C Curve 10kA WiNtrip2 MCB:- Buy C&S, CSMBS3C6 in Best Rate All Over India. Distributors in Top Cities Such as Noida, Delhi NCR, Mumbai, Chennai, Bengaluru, Kolkata, Pune, Jaipur and Ahmedabad.",--,--,--,--,--,Type,C-Curve,No. of Poles,3 Pole,Breaking Capacity,10 kA,Current Rating,6 Amp,Rated Frequency,50/60Hz,Rated Voltage,240/415V,Degree of Protection,IP 20,Installation Position,Vertical / Horizontal,Terminal Capacity,35 mm2,Resistance to Shock,40mm free fall,Mounting,Din rail Size 35.5 mm,1710742824-Product-Screenshot 2024-03-18 115013.png,1532266254-CSMBS3C6-C&S,8536,18%,--,--,--,--,--,--,--,--,1,1-2 Days
1591,"CSMBS3C10 C&S Electric- 10A 3 Pole, C Curve 10kA WiNtrip2 MCB (Pack of 4)",C&S Electric,Factory Automation,Low Voltage Switch Gear,--,--,CSMBS3C10,C-Series,CSMBS3C10,6100,4880,Piece,Pack of 4,1,"CSMBS3C10,C&S10A 3 Pole C Curve 10kA WiNtrip2 MCB:- Buy C&S, CSMBS3C10 in Best Rate All Over India. Distributors in Top Cities Such as Noida, Delhi NCR, Mumbai, Chennai, Bengaluru, Kolkata, Pune, Jaipur and Ahmedabad.",--,--,--,--,--,Type,C-Curve,No. of Poles,3 Pole,Breaking Capacity,10 kA,Current Rating,10 Amp,Rated Frequency,50/60Hz,Rated Voltage,240/415V,Degree of Protection,IP 20,Installation Position,Vertical / Horizontal,Terminal Capacity,35 mm2,Resistance to Shock,40mm free fall,Mounting,Din rail Size 35.5 mm,1710742824-Product-Screenshot 2024-03-18 115013.png,3768459951-CSMBS3C10-C&S,8536,18%,--,--,--,--,--,--,--,--,1,1-2 Days
1592,"CSMBS3C16 C&S Electric- 16A 3 Pole, C Curve 10kA WiNtrip2 MCB (Pack of 4)",C&S Electric,Factory Automation,Low Voltage Switch Gear,--,--,CSMBS3C16,C-Series,CSMBS3C16,6100,4880,Piece,Pack of 4,1,"CSMBS3C16,C&S,16A 3 Pole C Curve 10kA WiNtrip2 MCB:- Buy C&S,CSMBS3C16 in Best Rate All Over India. Distributors in Top Cities Such as Noida, Delhi NCR, Mumbai, Chennai, Bengaluru, Kolkata, Pune, Jaipur and Ahmedabad.",--,--,--,--,--,Type,C-Curve,No. of Poles,3 Pole,Breaking Capacity,10 kA,Current Rating,16 Amp,Rated Frequency,50/60Hz,Rated Voltage,240/415V,Degree of Protection,IP 20,Installation Position,Vertical / Horizontal,Terminal Capacity,35 mm2,Resistance to Shock,40mm free fall,Mounting,Din rail Size 35.5 mm,1710742824-Product-Screenshot 2024-03-18 115013.png,4686399834-CSMBS3C16-C&S,8536,18%,--,--,--,--,--,--,--,--,1,1-2 Days
1593,"CSMBS3C20 C&S Electric- 20A 3 Pole, C Curve 10kA WiNtrip2 MCB (Pack of 4)",C&S Electric,Factory Automation,Low Voltage Switch Gear,--,--,CSMBS3C20,C-Series,CSMBS3C20,6100,4880,Piece,Pack of 4,1,"CSMBS3C20,C&S,20A 3 Pole C Curve 10kA WiNtrip2 MCB:- Buy C&S, CSMBS3C20 in Best Rate All Over India. Distributors in Top Cities Such as Noida, Delhi NCR, Mumbai, Chennai, Bengaluru, Kolkata, Pune, Jaipur and Ahmedabad.",--,--,--,--,--,Type,C-Curve,No. of Poles,3 Pole,Breaking Capacity,10 kA,Current Rating,20Amp,Rated Frequency,50/60Hz,Rated Voltage,240/415V,Degree of Protection,IP 20,Installation Position,Vertical / Horizontal,Terminal Capacity,35 mm2,Resistance to Shock,40mm free fall,Mounting,Din rail Size 35.5 mm,1710742824-Product-Screenshot 2024-03-18 115013.png,7204734780-CSMBS3C20-C&S,8536,18%,--,--,--,--,--,--,--,--,1,1-2 Days
1594,"CSMBS3C25 C&S Electric- 25A 3 Pole, C Curve 10kA WiNtrip2 MCB (Pack of 4)",C&S Electric,Factory Automation,Low Voltage Switch Gear,--,--,CSMBS3C25,C-Series,CSMBS3C25,6100,4880,Piece,Pack of 4,1,"CSMBS3C25,C&S,25A 3 Pole C Curve 10kA WiNtrip2 MCB:- Buy C&S,CSMBS3C25 in Best Rate All Over India. Distributors in Top Cities Such as Noida, Delhi NCR, Mumbai, Chennai, Bengaluru, Kolkata, Pune, Jaipur and Ahmedabad.",--,--,--,--,--,Type,C-Curve,No. of Poles,3 Pole,Breaking Capacity,10 kA,Current Rating,25 Amp,Rated Frequency,50/60Hz,Rated Voltage,240/415V,Degree of Protection,IP 20,Installation Position,Vertical / Horizontal,Terminal Capacity,35 mm2,Resistance to Shock,40mm free fall,Mounting,Din rail Size 35.5 mm,1710742824-Product-Screenshot 2024-03-18 115013.png,1833160360-CSMBS3C25-C&S,8536,18%,--,--,--,--,--,--,--,--,1,1-2 Days
1595,"CSMBS3C32 C&S Electric- 32A 3 Pole, C Curve 10kA WiNtrip2 MCB (Pack of 4)",C&S Electric,Factory Automation,Low Voltage Switch Gear,--,--,CSMBS3C32,C-Series,CSMBS3C32,6100,4880,Piece,Pack of 4,1,"CSMBS3C32,C&S,32A 3 Pole C Curve 10kA WiNtrip2 MCB:- Buy C&S, CSMBS3C32 in Best Rate All Over India. Distributors in Top Cities Such as Noida, Delhi NCR, Mumbai, Chennai, Bengaluru, Kolkata, Pune, Jaipur and Ahmedabad.",--,--,--,--,--,Type,C-Curve,No. of Poles,3 Pole,Breaking Capacity,10 kA,Current Rating,32 Amp,Rated Frequency,50/60Hz,Rated Voltage,240/415V,Degree of Protection,IP 20,Installation Position,Vertical / Horizontal,Terminal Capacity,35 mm2,Resistance to Shock,40mm free fall,Mounting,Din rail Size 35.5 mm,1710742824-Product-Screenshot 2024-03-18 115013.png,4252132273-CSMBS3C32-C&S,8536,18%,--,--,--,--,--,--,--,--,1,1-2 Days
1596,"CSMBS3C40 C&S Electric- 40A 3 Pole, C Curve 10kA WiNtrip2 MCB (Pack of 4)",C&S Electric,Factory Automation,Low Voltage Switch Gear,--,--,CSMBS3C40,C-Series,CSMBS3C40,9040,7232,Piece,Pack of 4,1,"CSMBS3C40,C&S,40A 3 Pole C Curve 10kA WiNtrip2 MCB:- Buy C&S, CSMBS3C40 in Best Rate All Over India. Distributors in Top Cities Such as Noida, Delhi NCR, Mumbai, Chennai, Bengaluru, Kolkata, Pune, Jaipur and Ahmedabad.",--,--,--,--,--,Type,C-Curve,No. of Poles,3 Pole,Breaking Capacity,10 kA,Current Rating,40 Amp,Rated Frequency,50/60Hz,Rated Voltage,240/415V,Degree of Protection,IP 20,Installation Position,Vertical / Horizontal,Terminal Capacity,35 mm2,Resistance to Shock,40mm free fall,Mounting,Din rail Size 35.5 mm,1710742824-Product-Screenshot 2024-03-18 115013.png,8503198690-CSMBS3C40-C&S,8536,18%,--,--,--,--,--,--,--,--,1,1-2 Days
1597,"CSMBS3C50 C&S Electric- 50A 3 Pole, C Curve 10kA WiNtrip2 MCB (Pack of 4)",C&S Electric,Factory Automation,Low Voltage Switch Gear,--,--,CSMBS3C50,C-Series,CSMBS3C50,9420,7536,Piece,Pack of 4,1,"CSMBS3C50,C&S,50A 3 Pole C Curve 10kA WiNtrip2 MCB:- Buy C&S, CSMBS3C50 in Best Rate All Over India. Distributors in Top Cities Such as Noida, Delhi NCR, Mumbai, Chennai, Bengaluru, Kolkata, Pune, Jaipur and Ahmedabad.",--,--,--,--,--,Type,C-Curve,No. of Poles,3 Pole,Breaking Capacity,10 kA,Current Rating,50 Amp,Rated Frequency,50/60Hz,Rated Voltage,240/415V,Degree of Protection,IP 20,Installation Position,Vertical / Horizontal,Terminal Capacity,35 mm2,Resistance to Shock,40mm free fall,Mounting,Din rail Size 35.5 mm,1710742824-Product-Screenshot 2024-03-18 115013.png,6649695391-CSMBS3C50-C&S,8536,18%,--,--,--,--,--,--,--,--,1,1-2 Days
1598,"CSMBS3C63 C&S Electric- 63A 3 Pole, C Curve 10kA WiNtrip2 MCB (Pack of 4)",C&S Electric,Factory Automation,Low Voltage Switch Gear,--,--,CSMBS3C63,C-Series,CSMBS3C63,9420,7536,Piece,Pack of 4,1,"CSMBS3C63,C&S,63A 3 Pole C Curve 10kA WiNtrip2 MCB:- Buy C&S,CSMBS3C63 in Best Rate All Over India. Distributors in Top Cities Such as Noida, Delhi NCR, Mumbai, Chennai, Bengaluru, Kolkata, Pune, Jaipur and Ahmedabad.",--,--,--,--,--,Type,C-Curve,No. of Poles,3 Pole,Breaking Capacity,10 kA,Current Rating,63 Amp,Rated Frequency,50/60Hz,Rated Voltage,240/415V,Degree of Protection,IP 20,Installation Position,Vertical / Horizontal,Terminal Capacity,35 mm2,Resistance to Shock,40mm free fall,Mounting,Din rail Size 35.5 mm,1710742824-Product-Screenshot 2024-03-18 115013.png,5133492866-CSMBS3C63-C&S,8536,18%,--,--,--,--,--,--,--,--,1,1-2 Days
1599,"CSMBS3C0.5N C&S Electric- 0.5A 3 Pole+N, C Curve 10kA WiNtrip2 MCB (Pack of 3)",C&S Electric,Factory Automation,Low Voltage Switch Gear,--,--,CSMBS3C0.5N,C-Series,CSMBS3C0.5N,4065,3252,Piece,Pack of 3,1,"CSMBS3C0.5N,C&S ,0.5A 3 Pole+N C Curve 10kA WiNtrip2 MCB:- Buy C&S, CSMBS3C0.5N in Best Rate All Over India. Distributors in Top Cities Such as Noida, Delhi NCR, Mumbai, Chennai, Bengaluru, Kolkata, Pune, Jaipur and Ahmedabad.",--,--,--,--,--,Type,C-Curve,No. of Poles,3 Pole,Breaking Capacity,10kA,Current Rating,0.5 Amp,Rated Frequency,50/60Hz,Rated Voltage,240/415V,Degree of Protection,IP 20,Installation Position,Vertical / Horizontal,Terminal Capacity,35 mm2,Resistance to Shock,40mm free fall,Mounting,Din rail Size 35.5 mm,1710742824-Product-Screenshot 2024-03-18 115013.png,9341182646-CSMBS3C0.5N-C,8536,18%,--,--,--,--,--,--,--,--,1,1-2 Days
1600,"CSMBS3C1N C&S Electric- 1A 3 Pole+N, C Curve 10kA WiNtrip2 MCB (Pack of 3)",C&S Electric,Factory Automation,Low Voltage Switch Gear,--,--,CSMBS3C1N,C-Series,CSMBS3C1N,4065,3252,Piece,Pack of 3,1,"CSMBS3C1N,C&S,1A 3 Pole+N C Curve 10kA WiNtrip2 MCB:- Buy C&S, CSMBS3C1N in Best Rate All Over India. Distributors in Top Cities Such as Noida, Delhi NCR, Mumbai, Chennai, Bengaluru, Kolkata, Pune, Jaipur and Ahmedabad.",--,--,--,--,--,Type,C-Curve,No. of Poles,3 Pole,Breaking Capacity,10kA,Current Rating,1 Amp,Rated Frequency,50/60Hz,Rated Voltage,240/415V,Degree of Protection,IP 20,Installation Position,Vertical / Horizontal,Terminal Capacity,35 mm2,Resistance to Shock,40mm free fall,Mounting,Din rail Size 35.5 mm,1710742824-Product-Screenshot 2024-03-18 115013.png,7847648284-CSMBS3C1N-C&S,8536,18%,--,--,--,--,--,--,--,--,1,1-2 Days
1601,"CSMBS3C2N C&S Electric- 2A 3 Pole+N, C Curve 10kA WiNtrip2 MCB (Pack of 3)",C&S Electric,Factory Automation,Low Voltage Switch Gear,--,--,CSMBS3C2N,C-Series,CSMBS3C2N,4065,3252,Piece,Pack of 3,1,"CSMBS3C2N,C&S,2A 3 Pole+N C Curve 10kA WiNtrip2 MCB:- Buy C&S, CSMBS3C2N in Best Rate All Over India. Distributors in Top Cities Such as Noida, Delhi NCR, Mumbai, Chennai, Bengaluru, Kolkata, Pune, Jaipur and Ahmedabad.",--,--,--,--,--,Type,C-Curve,No. of Poles,3 Pole,Breaking Capacity,10kA,Current Rating,2 Amp,Rated Frequency,50/60Hz,Rated Voltage,240/415V,Degree of Protection,IP 20,Installation Position,Vertical / Horizontal,Terminal Capacity,35 mm2,Resistance to Shock,40mm free fall,Mounting,Din rail Size 35.5 mm,1710742824-Product-Screenshot 2024-03-18 115013.png,6779934817-CSMBS3C2N-C&S,8536,18%,--,--,--,--,--,--,--,--,1,1-2 Days
1602,"CSMBS3C3N C&S Electric- 3A 3 Pole+N, C Curve 10kA WiNtrip2 MCB (Pack of 3)",C&S Electric,Factory Automation,Low Voltage Switch Gear,--,--,CSMBS3C3N,C-Series,CSMBS3C3N,4065,3252,Piece,Pack of 3,1,"CSMBS3C3N,C&S,3A 3 Pole+N C Curve 10kA WiNtrip2 MCB:- Buy C&S, CSMBS3C3N in Best Rate All Over India. Distributors in Top Cities Such as Noida, Delhi NCR, Mumbai, Chennai, Bengaluru, Kolkata, Pune, Jaipur and Ahmedabad.",--,--,--,--,--,Type,C-Curve,No. of Poles,3 Pole,Breaking Capacity,10kA,Current Rating,3 Amp,Rated Frequency,50/60Hz,Rated Voltage,240/415V,Degree of Protection,IP 20,Installation Position,Vertical / Horizontal,Terminal Capacity,35 mm2,Resistance to Shock,40mm free fall,Mounting,Din rail Size 35.5 mm,1710742824-Product-Screenshot 2024-03-18 115013.png,6439050588-CSMBS3C3N-C&S,8536,18%,--,--,--,--,--,--,--,--,1,1-2 Days
1603,"CSMBS3C4N C&S Electric- 4A 3 Pole+N, C Curve 10kA WiNtrip2 MCB (Pack of 3)",C&S Electric,Factory Automation,Low Voltage Switch Gear,--,--,CSMBS3C4N,C-Series,CSMBS3C4N,4065,3252,Piece,Pack of 3,1,"CSMBS3C4N,C&S,4A 3 Pole+N C Curve 10kA WiNtrip2 MCB:- Buy C&S, CSMBS3C4N in Best Rate All Over India. Distributors in Top Cities Such as Noida, Delhi NCR, Mumbai, Chennai, Bengaluru, Kolkata, Pune, Jaipur and Ahmedabad.",--,--,--,--,--,Type,C-Curve,No. of Poles,3 Pole,Breaking Capacity,10kA,Current Rating,4 Amp,Rated Frequency,50/60Hz,Rated Voltage,240/415V,Degree of Protection,IP 20,Installation Position,Vertical / Horizontal,Terminal Capacity,35 mm2,Resistance to Shock,40mm free fall,Mounting,Din rail Size 35.5 mm,1710742824-Product-Screenshot 2024-03-18 115013.png,1462371362-CSMBS3C4N-C&S,8536,18%,--,--,--,--,--,--,--,--,1,1-2 Days
1604,"CSMBS3C5N C&S Electric- 5A 3 Pole+N, C Curve 10kA WiNtrip2 MCB (Pack of 3)",C&S Electric,Factory Automation,Low Voltage Switch Gear,--,--,CSMBS3C5N,C-Series,CSMBS3C5N,4065,3252,Piece,Pack of 3,1,"CSMBS3C5N,C&S,5A 3 Pole+N C Curve 10kA WiNtrip2 MCB:- Buy C&S, CSMBS3C5N in Best Rate All Over India. Distributors in Top Cities Such as Noida, Delhi NCR, Mumbai, Chennai, Bengaluru, Kolkata, Pune, Jaipur and Ahmedabad.",--,--,--,--,--,Type,C-Curve,No. of Poles,3 Pole,Breaking Capacity,10kA,Current Rating,5 Amp,Rated Frequency,50/60Hz,Rated Voltage,240/415V,Degree of Protection,IP 20,Installation Position,Vertical / Horizontal,Terminal Capacity,35 mm2,Resistance to Shock,40mm free fall,Mounting,Din rail Size 35.5 mm,1710742824-Product-Screenshot 2024-03-18 115013.png,4883541033-CSMBS3C5N-C&S,8536,18%,--,--,--,--,--,--,--,--,1,1-2 Days
1605,"CSMBS3C6N C&S Electric- 6A 3 Pole+N, C Curve 10kA WiNtrip2 MCB (Pack of 3)",C&S Electric,Factory Automation,Low Voltage Switch Gear,--,--,CSMBS3C6N,C-Series,CSMBS3C6N,2895,2316,Piece,Pack of 3,1,"CSMBS3C6N,C&S,6A 3 Pole+N C Curve 10kA WiNtrip2 MCB:- Buy C&S, CSMBS3C6N in Best Rate All Over India. Distributors in Top Cities Such as Noida, Delhi NCR, Mumbai, Chennai, Bengaluru, Kolkata, Pune, Jaipur and Ahmedabad.",--,--,--,--,--,Type,C-Curve,No. of Poles,3 Pole,Breaking Capacity,10kA,Current Rating,6 Amp,Rated Frequency,50/60Hz,Rated Voltage,240/415V,Degree of Protection,IP 20,Installation Position,Vertical / Horizontal,Terminal Capacity,35 mm2,Resistance to Shock,40mm free fall,Mounting,Din rail Size 35.5 mm,1710742824-Product-Screenshot 2024-03-18 115013.png,6268573591-CSMBS3C6N-C&S,8536,18%,--,--,--,--,--,--,--,--,1,1-2 Days
1606,"CSMBS3C10N C&S Electric- 10A 3 Pole+N, C Curve 10kA WiNtrip2 MCB (Pack of 3)",C&S Electric,Factory Automation,Low Voltage Switch Gear,--,--,CSMBS3C10N,C-Series,CSMBS3C10N,2895,2316,Piece,Pack of 3,1,"CSMBS3C10N,C&S10A 3 Pole+N C Curve 10kA WiNtrip2 MCB:- Buy C&S, CSMBS3C10N in Best Rate All Over India. Distributors in Top Cities Such as Noida, Delhi NCR, Mumbai, Chennai, Bengaluru, Kolkata, Pune, Jaipur and Ahmedabad.",--,--,--,--,--,Type,C-Curve,No. of Poles,3 Pole,Breaking Capacity,10kA,Current Rating,10 Amp,Rated Frequency,50/60Hz,Rated Voltage,240/415V,Degree of Protection,IP 20,Installation Position,Vertical / Horizontal,Terminal Capacity,35 mm2,Resistance to Shock,40mm free fall,Mounting,Din rail Size 35.5 mm,1710742824-Product-Screenshot 2024-03-18 115013.png,9340146505-CSMBS3C10N-C&,8536,18%,--,--,--,--,--,--,--,--,1,1-2 Days
1607,"CSMBS3C16N C&S Electric- 16A 3 Pole+N, C Curve 10kA WiNtrip2 MCB (Pack of 3)",C&S Electric,Factory Automation,Low Voltage Switch Gear,--,--,CSMBS3C16N,C-Series,CSMBS3C16N,2895,2316,Piece,Pack of 3,1,"CSMBS3C16N,C&S,16A 3 Pole+N C Curve 10kA WiNtrip2 MCB:- Buy C&S,CSMBS3C16N in Best Rate All Over India. Distributors in Top Cities Such as Noida, Delhi NCR, Mumbai, Chennai, Bengaluru, Kolkata, Pune, Jaipur and Ahmedabad.",--,--,--,--,--,Type,C-Curve,No. of Poles,3 Pole,Breaking Capacity,10kA,Current Rating,16 Amp,Rated Frequency,50/60Hz,Rated Voltage,240/415V,Degree of Protection,IP 20,Installation Position,Vertical / Horizontal,Terminal Capacity,35 mm2,Resistance to Shock,40mm free fall,Mounting,Din rail Size 35.5 mm,1710742824-Product-Screenshot 2024-03-18 115013.png,1124985503-CSMBS3C16N-C&,8536,18%,--,--,--,--,--,--,--,--,1,1-2 Days
1608,"CSMBS3C20N C&S Electric- 20A 3 Pole+N, C Curve 10kA WiNtrip2 MCB (Pack of 3)",C&S Electric,Factory Automation,Low Voltage Switch Gear,--,--,CSMBS3C20N,C-Series,CSMBS3C20N,2895,2316,Piece,Pack of 3,1,"CSMBS3C20N,C&S,20A 3 Pole+N C Curve 10kA WiNtrip2 MCB:- Buy C&S, CSMBS3C20N in Best Rate All Over India. Distributors in Top Cities Such as Noida, Delhi NCR, Mumbai, Chennai, Bengaluru, Kolkata, Pune, Jaipur and Ahmedabad.",--,--,--,--,--,Type,C-Curve,No. of Poles,3 Pole,Breaking Capacity,10kA,Current Rating,20Amp,Rated Frequency,50/60Hz,Rated Voltage,240/415V,Degree of Protection,IP 20,Installation Position,Vertical / Horizontal,Terminal Capacity,35 mm2,Resistance to Shock,40mm free fall,Mounting,Din rail Size 35.5 mm,1710742824-Product-Screenshot 2024-03-18 115013.png,2542377818-CSMBS3C20N-C&,8536,18%,--,--,--,--,--,--,--,--,1,1-2 Days
1609,"CSMBS3C25N C&S Electric- 25A 3 Pole+N, C Curve 10kA WiNtrip2 MCB (Pack of 3)",C&S Electric,Factory Automation,Low Voltage Switch Gear,--,--,CSMBS3C25N,C-Series,CSMBS3C25N,2895,2316,Piece,Pack of 3,1,"CSMBS3C25N,C&S,25A 3 Pole+N C Curve 10kA WiNtrip2 MCB:- Buy C&S,CSMBS3C25N in Best Rate All Over India. Distributors in Top Cities Such as Noida, Delhi NCR, Mumbai, Chennai, Bengaluru, Kolkata, Pune, Jaipur and Ahmedabad.",--,--,--,--,--,Type,C-Curve,No. of Poles,3 Pole,Breaking Capacity,10kA,Current Rating,25 Amp,Rated Frequency,50/60Hz,Rated Voltage,240/415V,Degree of Protection,IP 20,Installation Position,Vertical / Horizontal,Terminal Capacity,35 mm2,Resistance to Shock,40mm free fall,Mounting,Din rail Size 35.5 mm,1710742824-Product-Screenshot 2024-03-18 115013.png,8546991725-CSMBS3C25N-C&,8536,18%,--,--,--,--,--,--,--,--,1,1-2 Days
1610,"CSMBS3C32N C&S Electric- 32A 3 Pole+N, C Curve 10kA WiNtrip2 MCB (Pack of 3)",C&S Electric,Factory Automation,Low Voltage Switch Gear,--,--,CSMBS3C32N,C-Series,CSMBS3C32N,2895,2316,Piece,Pack of 3,1,"CSMBS3C32N,C&S,32A 3 Pole+N C Curve 10kA WiNtrip2 MCB:- Buy C&S, CSMBS3C32N in Best Rate All Over India. Distributors in Top Cities Such as Noida, Delhi NCR, Mumbai, Chennai, Bengaluru, Kolkata, Pune, Jaipur and Ahmedabad.",--,--,--,--,--,Type,C-Curve,No. of Poles,3 Pole,Breaking Capacity,10kA,Current Rating,32 Amp,Rated Frequency,50/60Hz,Rated Voltage,240/415V,Degree of Protection,IP 20,Installation Position,Vertical / Horizontal,Terminal Capacity,35 mm2,Resistance to Shock,40mm free fall,Mounting,Din rail Size 35.5 mm,1710742824-Product-Screenshot 2024-03-18 115013.png,8829686312-CSMBS3C32N-C&,8536,18%,--,--,--,--,--,--,--,--,1,1-2 Days
1611,"CSMBS3C40N C&S Electric- 40A 3 Pole+N, C Curve 10kA WiNtrip2 MCB (Pack of 3)",C&S Electric,Factory Automation,Low Voltage Switch Gear,--,--,CSMBS3C40N,C-Series,CSMBS3C40N,4245,3396,Piece,Pack of 3,1,"CSMBS3C40N,C&S,40A 3 Pole+N C Curve 10kA WiNtrip2 MCB:- Buy C&S, CSMBS3C40N in Best Rate All Over India. Distributors in Top Cities Such as Noida, Delhi NCR, Mumbai, Chennai, Bengaluru, Kolkata, Pune, Jaipur and Ahmedabad.",--,--,--,--,--,Type,C-Curve,No. of Poles,3 Pole,Breaking Capacity,10kA,Current Rating,40 Amp,Rated Frequency,50/60Hz,Rated Voltage,240/415V,Degree of Protection,IP 20,Installation Position,Vertical / Horizontal,Terminal Capacity,35 mm2,Resistance to Shock,40mm free fall,Mounting,Din rail Size 35.5 mm,1710742824-Product-Screenshot 2024-03-18 115013.png,5723263238-CSMBS3C40N-C&,8536,18%,--,--,--,--,--,--,--,--,1,1-2 Days
1612,"CSMBS3C50N C&S Electric- 50A 3 Pole+N, C Curve 10kA WiNtrip2 MCB (Pack of 3)",C&S Electric,Factory Automation,Low Voltage Switch Gear,--,--,CSMBS3C50N,C-Series,CSMBS3C50N,4830,3864,Piece,Pack of 3,1,"CSMBS3C50N,C&S,50A 3 Pole+N C Curve 10kA WiNtrip2 MCB:- Buy C&S, CSMBS3C50N in Best Rate All Over India. Distributors in Top Cities Such as Noida, Delhi NCR, Mumbai, Chennai, Bengaluru, Kolkata, Pune, Jaipur and Ahmedabad.",--,--,--,--,--,Type,C-Curve,No. of Poles,3 Pole,Breaking Capacity,10kA,Current Rating,50 Amp,Rated Frequency,50/60Hz,Rated Voltage,240/415V,Degree of Protection,IP 20,Installation Position,Vertical / Horizontal,Terminal Capacity,35 mm2,Resistance to Shock,40mm free fall,Mounting,Din rail Size 35.5 mm,1710742824-Product-Screenshot 2024-03-18 115013.png,2180477486-CSMBS3C50N-C&,8536,18%,--,--,--,--,--,--,--,--,1,1-2 Days
1613,"CSMBS3C63N C&S Electric- 63A 3 Pole+N, C Curve 10kA WiNtrip2 MCB (Pack of 3)",C&S Electric,Factory Automation,Low Voltage Switch Gear,--,--,CSMBS3C63N,C-Series,CSMBS3C63N,4830,3864,Piece,Pack of 3,1,"CSMBS3C63N,C&S,63A 3 Pole+N C Curve 10kA WiNtrip2 MCB:- Buy C&S,CSMBS3C63N in Best Rate All Over India. Distributors in Top Cities Such as Noida, Delhi NCR, Mumbai, Chennai, Bengaluru, Kolkata, Pune, Jaipur and Ahmedabad.",--,--,--,--,--,Type,C-Curve,No. of Poles,3 Pole,Breaking Capacity,10kA,Current Rating,63 Amp,Rated Frequency,50/60Hz,Rated Voltage,240/415V,Degree of Protection,IP 20,Installation Position,Vertical / Horizontal,Terminal Capacity,35 mm2,Resistance to Shock,40mm free fall,Mounting,Din rail Size 35.5 mm,1710742824-Product-Screenshot 2024-03-18 115013.png,2850519946-CSMBS3C63N-C&,8536,18%,--,--,--,--,--,--,--,--,1,1-2 Days
1614,"CSMBS4C0.5 C&S Electric- 0.5A 4 Pole, C Curve 10kA WiNtrip2 MCB (Pack of 3)",C&S Electric,Factory Automation,Low Voltage Switch Gear,--,--,CSMBS4C0.5,C-Series,CSMBS4C0.5,5715,4572,Piece,Pack of 3,1,"CSMBS3C0.5,C&S ,0.5A 4 Pole C Curve 10kA WiNtrip2 MCB:- Buy C&S, CSMBS3C0.5 in Best Rate All Over India. Distributors in Top Cities Such as Noida, Delhi NCR, Mumbai, Chennai, Bengaluru, Kolkata, Pune, Jaipur and Ahmedabad.",--,--,--,--,--,Type,C-Curve,No. of Poles,3 Pole,Breaking Capacity,10kA,Current Rating,0.5 Amp,Rated Frequency,50/60Hz,Rated Voltage,240/415V,Degree of Protection,IP 20,Installation Position,Vertical / Horizontal,Terminal Capacity,35 mm2,Resistance to Shock,40mm free fall,Mounting,Din rail Size 35.5 mm,1710742906-Product-Screenshot 2024-03-18 115122.png,8165572675-CSMBS4C0.5-C&,8536,18%,--,--,--,--,--,--,--,--,1,1-2 Days
1615,"CSMBS4C1 C&S Electric- 1A 4 Pole, C Curve 10kA WiNtrip2 MCB (Pack of 3)",C&S Electric,Factory Automation,Low Voltage Switch Gear,--,--,CSMBS4C1,C-Series,CSMBS4C1,5715,4572,Piece,Pack of 3,1,"CSMBS3C1,C&S,1A 4 Pole C Curve 10kA WiNtrip2 MCB:- Buy C&S, CSMBS3C1 in Best Rate All Over India. Distributors in Top Cities Such as Noida, Delhi NCR, Mumbai, Chennai, Bengaluru, Kolkata, Pune, Jaipur and Ahmedabad.",--,--,--,--,--,Type,C-Curve,No. of Poles,3 Pole,Breaking Capacity,10kA,Current Rating,1 Amp,Rated Frequency,50/60Hz,Rated Voltage,240/415V,Degree of Protection,IP 20,Installation Position,Vertical / Horizontal,Terminal Capacity,35 mm2,Resistance to Shock,40mm free fall,Mounting,Din rail Size 35.5 mm,1710742906-Product-Screenshot 2024-03-18 115122.png,4759359623-CSMBS4C1-C&S,8536,18%,--,--,--,--,--,--,--,--,1,1-2 Days
1616,"CSMBS4C2 C&S Electric- 2A 4 Pole, C Curve 10kA WiNtrip2 MCB (Pack of 3)",C&S Electric,Factory Automation,Low Voltage Switch Gear,--,--,CSMBS4C2,C-Series,CSMBS4C2,5715,4572,Piece,Pack of 3,1,"CSMBS3C2,C&S,2A 4 Pole C Curve 10kA WiNtrip2 MCB:- Buy C&S, CSMBS3C2 in Best Rate All Over India. Distributors in Top Cities Such as Noida, Delhi NCR, Mumbai, Chennai, Bengaluru, Kolkata, Pune, Jaipur and Ahmedabad.",--,--,--,--,--,Type,C-Curve,No. of Poles,3 Pole,Breaking Capacity,10kA,Current Rating,2 Amp,Rated Frequency,50/60Hz,Rated Voltage,240/415V,Degree of Protection,IP 20,Installation Position,Vertical / Horizontal,Terminal Capacity,35 mm2,Resistance to Shock,40mm free fall,Mounting,Din rail Size 35.5 mm,1710742906-Product-Screenshot 2024-03-18 115122.png,7149617219-CSMBS4C2-C&S,8536,18%,--,--,--,--,--,--,--,--,1,1-2 Days
1617,"CSMBS4C3 C&S Electric- 3A 4 Pole, C Curve 10kA WiNtrip2 MCB (Pack of 3)",C&S Electric,Factory Automation,Low Voltage Switch Gear,--,--,CSMBS4C3,C-Series,CSMBS4C3,5715,4572,Piece,Pack of 3,1,"CSMBS3C3,C&S,3A 4 Pole C Curve 10kA WiNtrip2 MCB:- Buy C&S, CSMBS3C3 in Best Rate All Over India. Distributors in Top Cities Such as Noida, Delhi NCR, Mumbai, Chennai, Bengaluru, Kolkata, Pune, Jaipur and Ahmedabad.",--,--,--,--,--,Type,C-Curve,No. of Poles,3 Pole,Breaking Capacity,10kA,Current Rating,3 Amp,Rated Frequency,50/60Hz,Rated Voltage,240/415V,Degree of Protection,IP 20,Installation Position,Vertical / Horizontal,Terminal Capacity,35 mm2,Resistance to Shock,40mm free fall,Mounting,Din rail Size 35.5 mm,1710742906-Product-Screenshot 2024-03-18 115122.png,2574981249-CSMBS4C3-C&S,8536,18%,--,--,--,--,--,--,--,--,1,1-2 Days
1618,"CSMBS4C4 C&S Electric- 4A 4 Pole, C Curve 10kA WiNtrip2 MCB (Pack of 3)",C&S Electric,Factory Automation,Low Voltage Switch Gear,--,--,CSMBS4C4,C-Series,CSMBS4C4,5715,4572,Piece,Pack of 3,1,"CSMBS3C4,C&S,4A 4 Pole C Curve 10kA WiNtrip2 MCB:- Buy C&S, CSMBS3C4 in Best Rate All Over India. Distributors in Top Cities Such as Noida, Delhi NCR, Mumbai, Chennai, Bengaluru, Kolkata, Pune, Jaipur and Ahmedabad.",--,--,--,--,--,Type,C-Curve,No. of Poles,3 Pole,Breaking Capacity,10kA,Current Rating,4 Amp,Rated Frequency,50/60Hz,Rated Voltage,240/415V,Degree of Protection,IP 20,Installation Position,Vertical / Horizontal,Terminal Capacity,35 mm2,Resistance to Shock,40mm free fall,Mounting,Din rail Size 35.5 mm,1710742906-Product-Screenshot 2024-03-18 115122.png,3601048092-CSMBS4C4-C&S,8536,18%,--,--,--,--,--,--,--,--,1,1-2 Days
1619,"CSMBS4C5 C&S Electric- 5A 4 Pole, C Curve 10kA WiNtrip2 MCB (Pack of 3)",C&S Electric,Factory Automation,Low Voltage Switch Gear,--,--,CSMBS4C5,C-Series,CSMBS4C5,5715,4572,Piece,Pack of 3,1,"CSMBS3C5,C&S,5A 4 Pole C Curve 10kA WiNtrip2 MCB:- Buy C&S, CSMBS3C5 in Best Rate All Over India. Distributors in Top Cities Such as Noida, Delhi NCR, Mumbai, Chennai, Bengaluru, Kolkata, Pune, Jaipur and Ahmedabad.",--,--,--,--,--,Type,C-Curve,No. of Poles,3 Pole,Breaking Capacity,10kA,Current Rating,5 Amp,Rated Frequency,50/60Hz,Rated Voltage,240/415V,Degree of Protection,IP 20,Installation Position,Vertical / Horizontal,Terminal Capacity,35 mm2,Resistance to Shock,40mm free fall,Mounting,Din rail Size 35.5 mm,1710742906-Product-Screenshot 2024-03-18 115122.png,8862219352-CSMBS4C5-C&S,8536,18%,--,--,--,--,--,--,--,--,1,1-2 Days
1620,"CSMBS4C6 C&S Electric- 6A 4 Pole, C Curve 10kA WiNtrip2 MCB (Pack of 3)",C&S Electric,Factory Automation,Low Voltage Switch Gear,--,--,CSMBS4C6,C-Series,CSMBS4C6,4575,3660,Piece,Pack of 3,1,"CSMBS3C6,C&S,6A4 Pole C Curve 10kA WiNtrip2 MCB:- Buy C&S, CSMBS3C6 in Best Rate All Over India. Distributors in Top Cities Such as Noida, Delhi NCR, Mumbai, Chennai, Bengaluru, Kolkata, Pune, Jaipur and Ahmedabad.",--,--,--,--,--,Type,C-Curve,No. of Poles,3 Pole,Breaking Capacity,10kA,Current Rating,6 Amp,Rated Frequency,50/60Hz,Rated Voltage,240/415V,Degree of Protection,IP 20,Installation Position,Vertical / Horizontal,Terminal Capacity,35 mm2,Resistance to Shock,40mm free fall,Mounting,Din rail Size 35.5 mm,1710742906-Product-Screenshot 2024-03-18 115122.png,4597187634-CSMBS4C6-C&S,8536,18%,--,--,--,--,--,--,--,--,1,1-2 Days
1621,"CSMBS4C10 C&S Electric- 10A 4 Pole, C Curve 10kA WiNtrip2 MCB (Pack of 3)",C&S Electric,Factory Automation,Low Voltage Switch Gear,--,--,CSMBS4C10,C-Series,CSMBS4C10,4575,3660,Piece,Pack of 3,1,"CSMBS3C10,C&S10A 4Pole C Curve 10kA WiNtrip2 MCB:- Buy C&S, CSMBS3C10 in Best Rate All Over India. Distributors in Top Cities Such as Noida, Delhi NCR, Mumbai, Chennai, Bengaluru, Kolkata, Pune, Jaipur and Ahmedabad.",--,--,--,--,--,Type,C-Curve,No. of Poles,3 Pole,Breaking Capacity,10kA,Current Rating,10 Amp,Rated Frequency,50/60Hz,Rated Voltage,240/415V,Degree of Protection,IP 20,Installation Position,Vertical / Horizontal,Terminal Capacity,35 mm2,Resistance to Shock,40mm free fall,Mounting,Din rail Size 35.5 mm,1710742906-Product-Screenshot 2024-03-18 115122.png,7234584151-CSMBS4C10-C&S,8536,18%,--,--,--,--,--,--,--,--,1,1-2 Days
1622,"CSMBS4C16 C&S Electric- 16A 4 Pole, C Curve 10kA WiNtrip2 MCB (Pack of 3)",C&S Electric,Factory Automation,Low Voltage Switch Gear,--,--,CSMBS4C16,C-Series,CSMBS4C16,4575,3660,Piece,Pack of 3,1,"CSMBS3C16,C&S,16A 4 Pole C Curve 10kA WiNtrip2 MCB:- Buy C&S,CSMBS3C16 in Best Rate All Over India. Distributors in Top Cities Such as Noida, Delhi NCR, Mumbai, Chennai, Bengaluru, Kolkata, Pune, Jaipur and Ahmedabad.",--,--,--,--,--,Type,C-Curve,No. of Poles,3 Pole,Breaking Capacity,10kA,Current Rating,16 Amp,Rated Frequency,50/60Hz,Rated Voltage,240/415V,Degree of Protection,IP 20,Installation Position,Vertical / Horizontal,Terminal Capacity,35 mm2,Resistance to Shock,40mm free fall,Mounting,Din rail Size 35.5 mm,1710742906-Product-Screenshot 2024-03-18 115122.png,7484657538-CSMBS4C16-C&S,8536,18%,--,--,--,--,--,--,--,--,1,1-2 Days
1623,"CSMBS4C20 C&S Electric- 20A 4 Pole, C Curve 10kA WiNtrip2 MCB (Pack of 3)",C&S Electric,Factory Automation,Low Voltage Switch Gear,--,--,CSMBS4C20,C-Series,CSMBS4C20,4575,3660,Piece,Pack of 3,1,"CSMBS3C20,C&S,20A 4 Pole C Curve 10kA WiNtrip2 MCB:- Buy C&S, CSMBS3C20 in Best Rate All Over India. Distributors in Top Cities Such as Noida, Delhi NCR, Mumbai, Chennai, Bengaluru, Kolkata, Pune, Jaipur and Ahmedabad.",--,--,--,--,--,Type,C-Curve,No. of Poles,3 Pole,Breaking Capacity,10kA,Current Rating,20Amp,Rated Frequency,50/60Hz,Rated Voltage,240/415V,Degree of Protection,IP 20,Installation Position,Vertical / Horizontal,Terminal Capacity,35 mm2,Resistance to Shock,40mm free fall,Mounting,Din rail Size 35.5 mm,1710742906-Product-Screenshot 2024-03-18 115122.png,5783809451-CSMBS4C20-C&S,8536,18%,--,--,--,--,--,--,--,--,1,1-2 Days
1624,"CSMBS4C25 C&S Electric- 25A 4 Pole, C Curve 10kA WiNtrip2 MCB (Pack of 3)",C&S Electric,Factory Automation,Low Voltage Switch Gear,--,--,CSMBS4C25,C-Series,CSMBS4C25,4575,3660,Piece,Pack of 3,1,"CSMBS3C25,C&S,25A 4 Pole C Curve 10kA WiNtrip2 MCB:- Buy C&S,CSMBS3C25 in Best Rate All Over India. Distributors in Top Cities Such as Noida, Delhi NCR, Mumbai, Chennai, Bengaluru, Kolkata, Pune, Jaipur and Ahmedabad.",--,--,--,--,--,Type,C-Curve,No. of Poles,3 Pole,Breaking Capacity,10kA,Current Rating,25 Amp,Rated Frequency,50/60Hz,Rated Voltage,240/415V,Degree of Protection,IP 20,Installation Position,Vertical / Horizontal,Terminal Capacity,35 mm2,Resistance to Shock,40mm free fall,Mounting,Din rail Size 35.5 mm,1710742906-Product-Screenshot 2024-03-18 115122.png,9994677479-CSMBS4C25-C&S,8536,18%,--,--,--,--,--,--,--,--,1,1-2 Days
1625,"CSMBS4C32 C&S Electric- 32A 4 Pole, C Curve 10kA WiNtrip2 MCB (Pack of 3)",C&S Electric,Factory Automation,Low Voltage Switch Gear,--,--,CSMBS4C32,C-Series,CSMBS4C32,4575,3660,Piece,Pack of 3,1,"CSMBS3C32,C&S,32A 4 Pole C Curve 10kA WiNtrip2 MCB:- Buy C&S, CSMBS3C32 in Best Rate All Over India. Distributors in Top Cities Such as Noida, Delhi NCR, Mumbai, Chennai, Bengaluru, Kolkata, Pune, Jaipur and Ahmedabad.",--,--,--,--,--,Type,C-Curve,No. of Poles,3 Pole,Breaking Capacity,10kA,Current Rating,32 Amp,Rated Frequency,50/60Hz,Rated Voltage,240/415V,Degree of Protection,IP 20,Installation Position,Vertical / Horizontal,Terminal Capacity,35 mm2,Resistance to Shock,40mm free fall,Mounting,Din rail Size 35.5 mm,1710742906-Product-Screenshot 2024-03-18 115122.png,5372830355-CSMBS4C32-C&S,8536,18%,--,--,--,--,--,--,--,--,1,1-2 Days
1626,"CSMBS4C40 C&S Electric- 40A 4 Pole, C Curve 10kA WiNtrip2 MCB (Pack of 3)",C&S Electric,Factory Automation,Low Voltage Switch Gear,--,--,CSMBS4C40,C-Series,CSMBS4C40,6780,5424,Piece,Pack of 3,1,"CSMBS3C40,C&S,40A 4 Pole C Curve 10kA WiNtrip2 MCB:- Buy C&S, CSMBS3C40 in Best Rate All Over India. Distributors in Top Cities Such as Noida, Delhi NCR, Mumbai, Chennai, Bengaluru, Kolkata, Pune, Jaipur and Ahmedabad.",--,--,--,--,--,Type,C-Curve,No. of Poles,3 Pole,Breaking Capacity,10kA,Current Rating,40 Amp,Rated Frequency,50/60Hz,Rated Voltage,240/415V,Degree of Protection,IP 20,Installation Position,Vertical / Horizontal,Terminal Capacity,35 mm2,Resistance to Shock,40mm free fall,Mounting,Din rail Size 35.5 mm,1710742906-Product-Screenshot 2024-03-18 115122.png,5917690848-CSMBS4C40-C&S,8536,18%,--,--,--,--,--,--,--,--,1,1-2 Days
1627,"CSMBS4C50 C&S Electric- 50A 4 Pole, C Curve 10kA WiNtrip2 MCB (Pack of 3)",C&S Electric,Factory Automation,Low Voltage Switch Gear,--,--,CSMBS4C50,C-Series,CSMBS4C50,7065,5652,Piece,Pack of 3,1,"CSMBS3C50,C&S,50A 4 Pole C Curve 10kA WiNtrip2 MCB:- Buy C&S, CSMBS3C50 in Best Rate All Over India. Distributors in Top Cities Such as Noida, Delhi NCR, Mumbai, Chennai, Bengaluru, Kolkata, Pune, Jaipur and Ahmedabad.",--,--,--,--,--,Type,C-Curve,No. of Poles,3 Pole,Breaking Capacity,10kA,Current Rating,50 Amp,Rated Frequency,50/60Hz,Rated Voltage,240/415V,Degree of Protection,IP 20,Installation Position,Vertical / Horizontal,Terminal Capacity,35 mm2,Resistance to Shock,40mm free fall,Mounting,Din rail Size 35.5 mm,1710742906-Product-Screenshot 2024-03-18 115122.png,5911693020-CSMBS4C50-C&S,8536,18%,--,--,--,--,--,--,--,--,1,1-2 Days
1628,"CSMBS4C63 C&S Electric- 63A 4 Pole, C Curve 10kA WiNtrip2 MCB (Pack of 3)",C&S Electric,Factory Automation,Low Voltage Switch Gear,--,--,CSMBS4C63,C-Series,CSMBS4C63,7065,5652,Piece,Pack of 3,1,"CSMBS3C63,C&S,63A 4 Pole C Curve 10kA WiNtrip2 MCB:- Buy C&S,CSMBS3C63 in Best Rate All Over India. Distributors in Top Cities Such as Noida, Delhi NCR, Mumbai, Chennai, Bengaluru, Kolkata, Pune, Jaipur and Ahmedabad.",--,--,--,--,--,Type,C-Curve,No. of Poles,3 Pole,Breaking Capacity,10kA,Current Rating,63 Amp,Rated Frequency,50/60Hz,Rated Voltage,240/415V,Degree of Protection,IP 20,Installation Position,Vertical / Horizontal,Terminal Capacity,35 mm2,Resistance to Shock,40mm free fall,Mounting,Din rail Size 35.5 mm,1710742906-Product-Screenshot 2024-03-18 115122.png,2852458897-CSMBS4C63-C&S,8536,18%,--,--,--,--,--,--,--,--,1,1-2 Days
1629,"CSMBS1D0.5 C&S Electric- 0.5A, 1 Pole, D Curve 10kA WiNtrip2 MCB (Pack of 12)",C&S Electric,Factory Automation,Low Voltage Switch Gear,--,--,CSMBS1D0.5,D-Series,CSMBS1D0.5,6360,5088,Piece,Pack of 12,1,"CSMBS1D0.5,C&S 0.5A, 1 Pole D Curve 10kA WiNtrip2 MCB:- Buy C&S, CSMBS1D0.5 in Best Rate All Over India. Distributors in Top Cities Such as Noida, Delhi NCR, Mumbai, C hennai, Bengaluru, Kolkata, Pune, Jaipur and Ahmedabad.",--,--,--,--,--,Type,D Curve,No. of Poles,1 pole,Breaking Capacity,10 kA,Current Rating,0.5 Amp,Rated Frequency,50/60Hz,Rated Voltage,240/415V,Degree of Protection,IP 20,Installation Position,Vertical / Horizontal,Terminal Capacity,35 mm2,Resistance to Shock,40mm free fall,Mounting,Din rail Size 35.5 mm,1710742906-Product-Screenshot 2024-03-18 115122.png,9969559595-CSMBS1D0.5-C&,8536,18%,--,--,--,--,--,--,--,--,1,1-2 Days
1630,"CSMBS1D1 C&S Electric- 1A, 1 Pole, D Curve 10kA WiNtrip2 MCB (Pack of 12)",C&S Electric,Factory Automation,Low Voltage Switch Gear,--,--,CSMBS1D1,D-Series,CSMBS1D1,6360,5088,Piece,Pack of 12,1,"CSMBS1D1,C&S 1A, 1 Pole D Curve 10kA WiNtrip2 MCB:- Buy C&S, CSMBS1D1 in Best Rate All Over India. Distributors in Top Cities Such as Noida, Delhi NCR, Mumbai, Chennai, Bengaluru, Kolkata, Pune, Jaipur and Ahmedabad.",--,--,--,--,--,Type,D Curve,No. of Poles,1 pole,Breaking Capacity,10 kA,Current Rating,1 Amp,Rated Frequency,50/60Hz,Rated Voltage,240/415V,Degree of Protection,IP 20,Installation Position,Vertical / Horizontal,Terminal Capacity,35 mm2,Resistance to Shock,40mm free fall,Mounting,Din rail Size 35.5 mm,1710739712-Product-Screenshot 2024-03-18 105820.png,9541881572-CSMBS1D1-C&S,8536,18%,--,--,--,--,--,--,--,--,1,1-2 Days
1631,"CSMBS1D2 C&S Electric- 2A, 1 Pole, D Curve 10kA WiNtrip2 MCB (Pack of 12)",C&S Electric,Factory Automation,Low Voltage Switch Gear,--,--,CSMBS1D2,D-Series,CSMBS1D2,6360,5088,Piece,Pack of 12,1,"CSMBS1D2,C&S 2A, 1 Pole D Curve 10kA WiNtrip2 MCB:- Buy C&S, CSMBS1D2 in Best Rate All Over India. Distributors in Top Cities Such as Noida, Delhi NCR, Mumbai, Chennai, Bengaluru, Kolkata, Pune, Jaipur and Ahmedabad.",--,--,--,--,--,Type,D Curve,No. of Poles,1 pole,Breaking Capacity,10 kA,Current Rating,2 Amp,Rated Frequency,50/60Hz,Rated Voltage,240/415V,Degree of Protection,IP 20,Installation Position,Vertical / Horizontal,Terminal Capacity,35 mm2,Resistance to Shock,40mm free fall,Mounting,Din rail Size 35.5 mm,1710739712-Product-Screenshot 2024-03-18 105820.png,7121143514-CSMBS1D2-C&S,8536,18%,--,--,--,--,--,--,--,--,1,1-2 Days
1632,"CSMBS1D3 C&S Electric- 3A, 1 Pole, D Curve 10kA WiNtrip2 MCB (Pack of 12)",C&S Electric,Factory Automation,Low Voltage Switch Gear,--,--,CSMBS1D3,D-Series,CSMBS1D3,6360,5088,Piece,Pack of 12,1,"CSMBS1D3,C&S 3A, 1 Pole D Curve 10kA WiNtrip2 MCB:- Buy C&S, CSMBS1D3 in Best Rate All Over India. Distributors in Top Cities Such as Noida, Delhi NCR, Mumbai, Chennai, Bengaluru, Kolkata, Pune, Jaipur and Ahmedabad.",--,--,--,--,--,Type,D Curve,No. of Poles,1 pole,Breaking Capacity,10 kA,Current Rating,3 Amp,Rated Frequency,50/60Hz,Rated Voltage,240/415V,Degree of Protection,IP 20,Installation Position,Vertical / Horizontal,Terminal Capacity,35 mm2,Resistance to Shock,40mm free fall,Mounting,Din rail Size 35.5 mm,1710739712-Product-Screenshot 2024-03-18 105820.png,1168945790-CSMBS1D3-C&S,8536,18%,--,--,--,--,--,--,--,--,1,1-2 Days
1633,"CSMBS1D4 C&S Electric- 4A, 1 Pole, D Curve 10kA WiNtrip2 MCB (Pack of 12)",C&S Electric,Factory Automation,Low Voltage Switch Gear,--,--,CSMBS1D4,D-Series,CSMBS1D4,6360,5088,Piece,Pack of 12,1,"CSMBS1D4,C&S A, 1 Pole D Curve 10kA WiNtrip2 MCB:- Buy C&S, CSMBS1D4 in Best Rate All Over India. Distributors in Top Cities Such as Noida, Delhi NCR, Mumbai, Chennai, Bengaluru, Kolkata, Pune, Jaipur and Ahmedabad.",--,--,--,--,--,Type,D Curve,No. of Poles,1 pole,Breaking Capacity,10 kA,Current Rating,4 Amp,Rated Frequency,50/60Hz,Rated Voltage,240/415V,Degree of Protection,IP 20,Installation Position,Vertical / Horizontal,Terminal Capacity,35 mm2,Resistance to Shock,40mm free fall,Mounting,Din rail Size 35.5 mm,1710739712-Product-Screenshot 2024-03-18 105820.png,4237803454-CSMBS1D4-C&S,8536,18%,--,--,--,--,--,--,--,--,1,1-2 Days
1634,"CSMBS1D5 C&S Electric- 5A, 1 Pole, D Curve 10kA WiNtrip2 MCB (Pack of 12)",C&S Electric,Factory Automation,Low Voltage Switch Gear,--,--,CSMBS1D5,D-Series,CSMBS1D5,6360,5088,Piece,Pack of 12,1,"CSMBS1D5,C&S 5A, 1 Pole D Curve 10kA WiNtrip2 MCB:- Buy C&S, CSMBS1D5 in Best Rate All Over India. Distributors in Top Cities Such as Noida, Delhi NCR, Mumbai, Chennai, Bengaluru, Kolkata, Pune, Jaipur and Ahmedabad.",--,--,--,--,--,Type,D Curve,No. of Poles,1 pole,Breaking Capacity,10 kA,Current Rating,5 Amp,Rated Frequency,50/60Hz,Rated Voltage,240/415V,Degree of Protection,IP 20,Installation Position,Vertical / Horizontal,Terminal Capacity,35 mm2,Resistance to Shock,40mm free fall,Mounting,Din rail Size 35.5 mm,1710739712-Product-Screenshot 2024-03-18 105820.png,6163307073-CSMBS1D5-C&S,8536,18%,--,--,--,--,--,--,--,--,1,1-2 Days
1635,"CSMBS1D6 C&S Electric- 6A, 1 Pole, D Curve 10kA WiNtrip2 MCB (Pack of 12)",C&S Electric,Factory Automation,Low Voltage Switch Gear,--,--,CSMBS1D6,D-Series,CSMBS1D6,5220,4176,Piece,Pack of 12,1,"CSMBS1D6,C&S 6A, 1 Pole D Curve 10kA WiNtrip2 MCB:- Buy C&S, CSMBS1D6 in Best Rate All Over India. Distributors in Top Cities Such as Noida, Delhi NCR, Mumbai, Chennai, Bengaluru, Kolkata, Pune, Jaipur and Ahmedabad.",--,--,--,--,--,Type,D Curve,No. of Poles,1 pole,Breaking Capacity,10 kA,Current Rating,6 Amp,Rated Frequency,50/60Hz,Rated Voltage,240/415V,Degree of Protection,IP 20,Installation Position,Vertical / Horizontal,Terminal Capacity,35 mm2,Resistance to Shock,40mm free fall,Mounting,Din rail Size 35.5 mm,1710739712-Product-Screenshot 2024-03-18 105820.png,6765359351-CSMBS1D6-C&S,8536,18%,--,--,--,--,--,--,--,--,1,1-2 Days
1636,"CSMBS1D10 C&S Electric- 10A, 1 Pole, D Curve 10kA WiNtrip2 MCB (Pack of 12)",C&S Electric,Factory Automation,Low Voltage Switch Gear,--,--,CSMBS1D10,D-Series,CSMBS1D10,5220,4176,Piece,Pack of 12,1,"CSMBS1D10,C&S 10A, 1 Pole D Curve 10kA WiNtrip2 MCB:- Buy C&S, CSMBS1D10 in Best Rate All Over India. Distributors in Top Cities Such as Noida, Delhi NCR, Mumbai, Chennai, Bengaluru, Kolkata, Pune, Jaipur and Ahmedabad.",--,--,--,--,--,Type,D Curve,No. of Poles,1 pole,Breaking Capacity,10 kA,Current Rating,10 Amp,Rated Frequency,50/60Hz,Rated Voltage,240/415V,Degree of Protection,IP 20,Installation Position,Vertical / Horizontal,Terminal Capacity,35 mm2,Resistance to Shock,40mm free fall,Mounting,Din rail Size 35.5 mm,1710739712-Product-Screenshot 2024-03-18 105820.png,9970713907-CSMBS1D10-C&S,8536,18%,--,--,--,--,--,--,--,--,1,1-2 Days
1637,"CSMBS1D16 C&S Electric- 16A, 1 Pole, D Curve 10kA WiNtrip2 MCB (Pack of 12)",C&S Electric,Factory Automation,Low Voltage Switch Gear,--,--,CSMBS1D16,D-Series,CSMBS1D16,5220,4176,Piece,Pack of 12,1,"CSMBS1D16,C&S 16A, 1 Pole D Curve 10kA WiNtrip2 MCB:- Buy C&S, CSMBS1D16 in Best Rate All Over India. Distributors in Top Cities Such as Noida, Delhi NCR, Mumbai, Chennai, Bengaluru, Kolkata, Pune, Jaipur and Ahmedabad.",--,--,--,--,--,Type,D Curve,No. of Poles,1 pole,Breaking Capacity,10 kA,Current Rating,16 Amp,Rated Frequency,50/60Hz,Rated Voltage,240/415V,Degree of Protection,IP 20,Installation Position,Vertical / Horizontal,Terminal Capacity,35 mm2,Resistance to Shock,40mm free fall,Mounting,Din rail Size 35.5 mm,1710739712-Product-Screenshot 2024-03-18 105820.png,9407938083-CSMBS1D16-C&S,8536,18%,--,--,--,--,--,--,--,--,1,1-2 Days
1638,"CSMBS1D20 C&S Electric- 20A, 1 Pole, D Curve 10kA WiNtrip2 MCB (Pack of 12)",C&S Electric,Factory Automation,Low Voltage Switch Gear,--,--,CSMBS1D20,D-Series,CSMBS1D20,5220,4176,Piece,Pack of 12,1,"CSMBS1D20,C&S 20A, 1 Pole D Curve 10kA WiNtrip2 MCB:- Buy C&S, CSMBS1D20 in Best Rate All Over India. Distributors in Top Cities Such as Noida, Delhi NCR, Mumbai, Chennai, Bengaluru, Kolkata, Pune, Jaipur and Ahmedabad.",--,--,--,--,--,Type,D Curve,No. of Poles,1 pole,Breaking Capacity,10 kA,Current Rating,20 Amp,Rated Frequency,50/60Hz,Rated Voltage,240/415V,Degree of Protection,IP 20,Installation Position,Vertical / Horizontal,Terminal Capacity,35 mm2,Resistance to Shock,40mm free fall,Mounting,Din rail Size 35.5 mm,1710739712-Product-Screenshot 2024-03-18 105820.png,8714420650-CSMBS1D20-C&S,8536,18%,--,--,--,--,--,--,--,--,1,1-2 Days
1639,"CSMBS1D25 C&S Electric- 25A, 1 Pole, D Curve 10kA WiNtrip2 MCB (Pack of 12)",C&S Electric,Factory Automation,Low Voltage Switch Gear,--,--,CSMBS1D25,D-Series,CSMBS1D25,5220,4176,Piece,Pack of 12,1,"CSMBS1D25,C&S 25A, 1 Pole D Curve 10kA WiNtrip2 MCB:- Buy C&S, CSMBS1D25 in Best Rate All Over India. Distributors in Top Cities Such as Noida, Delhi NCR, Mumbai, Chennai, Bengaluru, Kolkata, Pune, Jaipur and Ahmedabad.",--,--,--,--,--,Type,D Curve,No. of Poles,1 pole,Breaking Capacity,10 kA,Current Rating,25 Amp,Rated Frequency,50/60Hz,Rated Voltage,240/415V,Degree of Protection,IP 20,Installation Position,Vertical / Horizontal,Terminal Capacity,35 mm2,Resistance to Shock,40mm free fall,Mounting,Din rail Size 35.5 mm,1710739712-Product-Screenshot 2024-03-18 105820.png,7526847232-CSMBS1D25-C&S,8536,18%,--,--,--,--,--,--,--,--,1,1-2 Days
1640,"CSMBS1D32 C&S Electric- 32A, 1 Pole, D Curve 10kA WiNtrip2 MCB (Pack of 12)",C&S Electric,Factory Automation,Low Voltage Switch Gear,--,--,CSMBS1D32,D-Series,CSMBS1D32,5220,4176,Piece,Pack of 12,1,"CSMBS1D32,C&S 32A, 1 Pole D Curve 10kA WiNtrip2 MCB:- Buy C&S, CSMBS1D32 in Best Rate All Over India. Distributors in Top Cities Such as Noida, Delhi NCR, Mumbai, Chennai, Bengaluru, Kolkata, Pune, Jaipur and Ahmedabad.",--,--,--,--,--,Type,D Curve,No. of Poles,1 pole,Breaking Capacity,10 kA,Current Rating,32 Amp,Rated Frequency,50/60Hz,Rated Voltage,240/415V,Degree of Protection,IP 20,Installation Position,Vertical / Horizontal,Terminal Capacity,35 mm2,Resistance to Shock,40mm free fall,Mounting,Din rail Size 35.5 mm,1710739712-Product-Screenshot 2024-03-18 105820.png,2160214967-CSMBS1D32-C&S,8536,18%,--,--,--,--,--,--,--,--,1,1-2 Days
1641,"CSMBS1D40 C&S Electric- 40A, 1 Pole, D Curve 10kA WiNtrip2 MCB (Pack of 12)",C&S Electric,Factory Automation,Low Voltage Switch Gear,--,--,CSMBS1D40,D-Series,CSMBS1D40,8940,7152,Piece,Pack of 12,1,"CSMBS1D40,C&S 40A, 1 Pole D Curve 10kA WiNtrip2 MCB:- Buy C&S, CSMBS1D40 in Best Rate All Over India. Distributors in Top Cities Such as Noida, Delhi NCR, Mumbai, Chennai, Bengaluru, Kolkata, Pune, Jaipur and Ahmedabad.",--,--,--,--,--,Type,D Curve,No. of Poles,1 pole,Breaking Capacity,10 kA,Current Rating,40 Amp,Rated Frequency,50/60Hz,Rated Voltage,240/415V,Degree of Protection,IP 20,Installation Position,Vertical / Horizontal,Terminal Capacity,35 mm2,Resistance to Shock,40mm free fall,Mounting,Din rail Size 35.5 mm,1710739712-Product-Screenshot 2024-03-18 105820.png,8144761926-CSMBS1D40-C&S,8536,18%,--,--,--,--,--,--,--,--,1,1-2 Days