Panel Accessories,Thimbles,Non-Insulated
Panel Accessories,Thimbles,Non-Insulated
Panel Accessories,Thimbles,Non-Insulated
Panel Accessories,Thimbles,Non-Insulated
Panel Accessories,Thimbles,Non-Insulated
Panel Accessories,Thimbles,Non-Insulated
Panel Accessories,Thimbles,Non-Insulated
Panel Accessories,Thimbles,Non-Insulated
Panel Accessories,Thimbles,Non-Insulated
Panel Accessories,Thimbles,Non-Insulated
Panel Accessories,Thimbles,Non-Insulated
Panel Accessories,Thimbles,Non-Insulated
Panel Accessories,Thimbles,Non-Insulated
Panel Accessories,Thimbles,Non-Insulated
Panel Accessories,Thimbles,Non-Insulated
Low Voltage Switch Gear,MCB,WiNtrip2 Miniature Circuit Breaker
Low Voltage Switch Gear,MCB,WiNtrip2 Miniature Circuit Breaker
Low Voltage Switch Gear,MCB,WiNtrip2 Miniature Circuit Breaker
Low Voltage Switch Gear,MCB,WiNtrip2 Miniature Circuit Breaker
Low Voltage Switch Gear,MCB,WiNtrip2 Miniature Circuit Breaker
Low Voltage Switch Gear,MCB,WiNtrip2 Miniature Circuit Breaker
Low Voltage Switch Gear,MCB,WiNtrip2 Miniature Circuit Breaker
Low Voltage Switch Gear,MCB,WiNtrip2 Miniature Circuit Breaker
Low Voltage Switch Gear,MCB,WiNtrip2 Miniature Circuit Breaker
Low Voltage Switch Gear,MCB,WiNtrip2 Miniature Circuit Breaker
Low Voltage Switch Gear,MCB,WiNtrip2 Miniature Circuit Breaker
Low Voltage Switch Gear,MCB,WiNtrip2 Miniature Circuit Breaker
Low Voltage Switch Gear,MCB,WiNtrip2 Miniature Circuit Breaker
Low Voltage Switch Gear,MCB,WiNtrip2 Miniature Circuit Breaker
Low Voltage Switch Gear,MCB,WiNtrip2 Miniature Circuit Breaker
Low Voltage Switch Gear,MCB,WiNtrip2 Miniature Circuit Breaker
Low Voltage Switch Gear,MCB,WiNtrip2 Miniature Circuit Breaker
Low Voltage Switch Gear,MCB,WiNtrip2 Miniature Circuit Breaker
Low Voltage Switch Gear,MCB,WiNtrip2 Miniature Circuit Breaker
Low Voltage Switch Gear,MCB,WiNtrip2 Miniature Circuit Breaker
Low Voltage Switch Gear,MCB,WiNtrip2 Miniature Circuit Breaker
Low Voltage Switch Gear,MCB,WiNtrip2 Miniature Circuit Breaker
Low Voltage Switch Gear,MCB,WiNtrip2 Miniature Circuit Breaker
Low Voltage Switch Gear,MCB,WiNtrip2 Miniature Circuit Breaker
Low Voltage Switch Gear,MCB,WiNtrip2 Miniature Circuit Breaker
Low Voltage Switch Gear,MCB,WiNtrip2 Miniature Circuit Breaker
Low Voltage Switch Gear,MCB,WiNtrip2 Miniature Circuit Breaker
Low Voltage Switch Gear,MCB,WiNtrip2 Miniature Circuit Breaker
Low Voltage Switch Gear,MCB,WiNtrip2 Miniature Circuit Breaker
Low Voltage Switch Gear,MCB,WiNtrip2 Miniature Circuit Breaker
Low Voltage Switch Gear,MCB,WiNtrip2 Miniature Circuit Breaker
Low Voltage Switch Gear,MCB,WiNtrip2 Miniature Circuit Breaker
Low Voltage Switch Gear,MCB,WiNtrip2 Miniature Circuit Breaker
Low Voltage Switch Gear,MCB,WiNtrip2 Miniature Circuit Breaker
Low Voltage Switch Gear,MCB,WiNtrip2 Miniature Circuit Breaker
Low Voltage Switch Gear,MCB,WiNtrip2 Miniature Circuit Breaker
Low Voltage Switch Gear,MCB,WiNtrip2 Miniature Circuit Breaker
Low Voltage Switch Gear,MCB,WiNtrip2 Miniature Circuit Breaker
Low Voltage Switch Gear,MCB,WiNtrip2 Miniature Circuit Breaker
Low Voltage Switch Gear,MCB,WiNtrip2 Miniature Circuit Breaker
Low Voltage Switch Gear,MCB,WiNtrip2 Miniature Circuit Breaker
Low Voltage Switch Gear,MCB,WiNtrip2 Miniature Circuit Breaker
Low Voltage Switch Gear,MCB,WiNtrip2 Miniature Circuit Breaker
Low Voltage Switch Gear,MCB,WiNtrip2 Miniature Circuit Breaker
Low Voltage Switch Gear,MCB,WiNtrip2 Miniature Circuit Breaker
Low Voltage Switch Gear,MCB,WiNtrip2 Miniature Circuit Breaker
Low Voltage Switch Gear,MCB,WiNtrip2 Miniature Circuit Breaker
Low Voltage Switch Gear,MCB,WiNtrip2 Miniature Circuit Breaker
Low Voltage Switch Gear,MCB,WiNtrip2 Miniature Circuit Breaker
Low Voltage Switch Gear,MCB,WiNtrip2 Miniature Circuit Breaker
Low Voltage Switch Gear,MCB,WiNtrip2 Miniature Circuit Breaker
Low Voltage Switch Gear,MCB,WiNtrip2 Miniature Circuit Breaker
Low Voltage Switch Gear,MCB,WiNtrip2 Miniature Circuit Breaker
Low Voltage Switch Gear,MCB,WiNtrip2 Miniature Circuit Breaker
Low Voltage Switch Gear,MCB,WiNtrip2 Miniature Circuit Breaker
Low Voltage Switch Gear,MCB,WiNtrip2 Miniature Circuit Breaker
Low Voltage Switch Gear,MCB,WiNtrip2 Miniature Circuit Breaker
Low Voltage Switch Gear,MCB,WiNtrip2 Miniature Circuit Breaker
Low Voltage Switch Gear,MCB,WiNtrip2 Miniature Circuit Breaker
Low Voltage Switch Gear,MCB,WiNtrip2 Miniature Circuit Breaker
Low Voltage Switch Gear,MCB,WiNtrip2 Miniature Circuit Breaker
Low Voltage Switch Gear,MCB,WiNtrip2 Miniature Circuit Breaker
Low Voltage Switch Gear,MCB,WiNtrip2 Miniature Circuit Breaker
Low Voltage Switch Gear,MCB,WiNtrip2 Miniature Circuit Breaker
Low Voltage Switch Gear,MCB,WiNtrip2 Miniature Circuit Breaker
Low Voltage Switch Gear,MCB,WiNtrip2 Miniature Circuit Breaker
Low Voltage Switch Gear,MCB,WiNtrip2 Miniature Circuit Breaker
Low Voltage Switch Gear,MCB,WiNtrip2 Miniature Circuit Breaker
Low Voltage Switch Gear,MCB,WiNtrip2 Miniature Circuit Breaker
Low Voltage Switch Gear,MCB,WiNtrip2 Miniature Circuit Breaker
Low Voltage Switch Gear,MCB,WiNtrip2 Miniature Circuit Breaker
Low Voltage Switch Gear,MCB,WiNtrip2 Miniature Circuit Breaker
Low Voltage Switch Gear,MCB,WiNtrip2 Miniature Circuit Breaker
Low Voltage Switch Gear,MCB,WiNtrip2 Miniature Circuit Breaker
Low Voltage Switch Gear,MCB,WiNtrip2 Miniature Circuit Breaker
Low Voltage Switch Gear,MCB,WiNtrip2 Miniature Circuit Breaker
Low Voltage Switch Gear,MCB,WiNtrip2 Miniature Circuit Breaker
Low Voltage Switch Gear,MCB,WiNtrip2 Miniature Circuit Breaker
Low Voltage Switch Gear,MCB,WiNtrip2 Miniature Circuit Breaker
Low Voltage Switch Gear,MCB,WiNtrip2 Miniature Circuit Breaker
Low Voltage Switch Gear,MCB,WiNtrip2 Miniature Circuit Breaker
Low Voltage Switch Gear,MCB,WiNtrip2 Miniature Circuit Breaker
Low Voltage Switch Gear,MCB,WiNtrip2 Miniature Circuit Breaker
Low Voltage Switch Gear,MCB,WiNtrip2 Miniature Circuit Breaker
Low Voltage Switch Gear,MCB,WiNtrip2 Miniature Circuit Breaker
Low Voltage Switch Gear,MCB,WiNtrip2 Miniature Circuit Breaker
Low Voltage Switch Gear,MCB,WiNtrip2 Miniature Circuit Breaker
Low Voltage Switch Gear,MCB,WiNtrip2 Miniature Circuit Breaker
Low Voltage Switch Gear,MCB,WiNtrip2 Miniature Circuit Breaker
Low Voltage Switch Gear,MCB,WiNtrip2 Miniature Circuit Breaker
Low Voltage Switch Gear,MCB,WiNtrip2 Miniature Circuit Breaker
Low Voltage Switch Gear,MCB,WiNtrip2 Miniature Circuit Breaker
Low Voltage Switch Gear,MCB,WiNtrip2 Miniature Circuit Breaker
Low Voltage Switch Gear,MCB,WiNtrip2 Miniature Circuit Breaker
Low Voltage Switch Gear,MCB,WiNtrip2 Miniature Circuit Breaker
Low Voltage Switch Gear,MCB,WiNtrip2 Miniature Circuit Breaker
Low Voltage Switch Gear,MCB,WiNtrip2 Miniature Circuit Breaker
Low Voltage Switch Gear,MCB,WiNtrip2 Miniature Circuit Breaker
Low Voltage Switch Gear,MCB,WiNtrip2 Miniature Circuit Breaker
Low Voltage Switch Gear,MCB,WiNtrip2 Miniature Circuit Breaker
Low Voltage Switch Gear,MCB,WiNtrip2 Miniature Circuit Breaker
Low Voltage Switch Gear,MCB,WiNtrip2 Miniature Circuit Breaker
Low Voltage Switch Gear,MCB,WiNtrip2 Miniature Circuit Breaker
Low Voltage Switch Gear,MCB,WiNtrip2 Miniature Circuit Breaker
Low Voltage Switch Gear,MCB,WiNtrip2 Miniature Circuit Breaker
Low Voltage Switch Gear,MCB,WiNtrip2 Miniature Circuit Breaker
Low Voltage Switch Gear,MCB,WiNtrip2 Miniature Circuit Breaker
Low Voltage Switch Gear,MCB,WiNtrip2 Miniature Circuit Breaker
Low Voltage Switch Gear,MCB,WiNtrip2 Miniature Circuit Breaker
Low Voltage Switch Gear,MCB,WiNtrip2 Miniature Circuit Breaker
Low Voltage Switch Gear,MCB,WiNtrip2 Miniature Circuit Breaker
Low Voltage Switch Gear,MCB,WiNtrip2 Miniature Circuit Breaker
Low Voltage Switch Gear,MCB,WiNtrip2 Miniature Circuit Breaker
Low Voltage Switch Gear,MCB,WiNtrip2 Miniature Circuit Breaker
Low Voltage Switch Gear,MCB,WiNtrip2 Miniature Circuit Breaker
Low Voltage Switch Gear,MCB,WiNtrip2 Miniature Circuit Breaker
Low Voltage Switch Gear,MCB,WiNtrip2 Miniature Circuit Breaker
Low Voltage Switch Gear,MCB,WiNtrip2 Miniature Circuit Breaker
Low Voltage Switch Gear,MCB,WiNtrip2 Miniature Circuit Breaker
Low Voltage Switch Gear,MCB,WiNtrip2 Miniature Circuit Breaker
Low Voltage Switch Gear,MCB,WiNtrip2 Miniature Circuit Breaker
Low Voltage Switch Gear,MCB,WiNtrip2 Miniature Circuit Breaker
Low Voltage Switch Gear,MCB,WiNtrip2 Miniature Circuit Breaker
Low Voltage Switch Gear,MCB,WiNtrip2 Miniature Circuit Breaker
Low Voltage Switch Gear,MCB,WiNtrip2 Miniature Circuit Breaker
Low Voltage Switch Gear,MCB,WiNtrip2 Miniature Circuit Breaker
Low Voltage Switch Gear,MCB,WiNtrip2 Miniature Circuit Breaker
Low Voltage Switch Gear,MCB,WiNtrip2 Miniature Circuit Breaker
Low Voltage Switch Gear,MCB,WiNtrip2 Miniature Circuit Breaker
Low Voltage Switch Gear,MCB,WiNtrip2 Miniature Circuit Breaker
Low Voltage Switch Gear,MCB,WiNtrip2 Miniature Circuit Breaker
Low Voltage Switch Gear,MCB,WiNtrip2 Miniature Circuit Breaker
Low Voltage Switch Gear,MCB,WiNtrip2 Miniature Circuit Breaker
Low Voltage Switch Gear,MCB,WiNtrip2 Miniature Circuit Breaker
Low Voltage Switch Gear,MCB,WiNtrip2 Miniature Circuit Breaker
Low Voltage Switch Gear,MCB,WiNtrip2 Miniature Circuit Breaker
Low Voltage Switch Gear,MCB,WiNtrip2 Miniature Circuit Breaker
Low Voltage Switch Gear,MCB,WiNtrip2 Miniature Circuit Breaker
Low Voltage Switch Gear,MCB,WiNtrip2 Miniature Circuit Breaker
Low Voltage Switch Gear,MCB,WiNtrip2 Miniature Circuit Breaker
Low Voltage Switch Gear,MCB,WiNtrip2 Miniature Circuit Breaker
Low Voltage Switch Gear,MCB,WiNtrip2 Miniature Circuit Breaker
Low Voltage Switch Gear,MCB,WiNtrip2 Miniature Circuit Breaker
Low Voltage Switch Gear,MCB,WiNtrip2 Miniature Circuit Breaker
Low Voltage Switch Gear,MCB,WiNtrip2 Miniature Circuit Breaker
Low Voltage Switch Gear,MCB,WiNtrip2 Miniature Circuit Breaker
Low Voltage Switch Gear,MCB,WiNtrip2 Miniature Circuit Breaker
Low Voltage Switch Gear,MCB,WiNtrip2 Miniature Circuit Breaker
Low Voltage Switch Gear,MCB,WiNtrip2 Miniature Circuit Breaker
Low Voltage Switch Gear,MCB,WiNtrip2 Miniature Circuit Breaker
Low Voltage Switch Gear,MCB,WiNtrip2 Miniature Circuit Breaker
Low Voltage Switch Gear,MCB,WiNtrip2 Miniature Circuit Breaker
Low Voltage Switch Gear,MCB,WiNtrip2 Miniature Circuit Breaker
Low Voltage Switch Gear,MCB,WiNtrip2 Miniature Circuit Breaker
Low Voltage Switch Gear,MCB,WiNtrip2 Miniature Circuit Breaker
Low Voltage Switch Gear,MCB,WiNtrip2 Miniature Circuit Breaker
Low Voltage Switch Gear,MCB,WiNtrip2 Miniature Circuit Breaker
Low Voltage Switch Gear,MCB,WiNtrip2 Miniature Circuit Breaker
Low Voltage Switch Gear,MCB,WiNtrip2 Miniature Circuit Breaker
Low Voltage Switch Gear,MCB,WiNtrip2 Miniature Circuit Breaker
Low Voltage Switch Gear,MCB,WiNtrip2 Miniature Circuit Breaker
Low Voltage Switch Gear,MCB,WiNtrip2 Miniature Circuit Breaker
Low Voltage Switch Gear,MCB,WiNtrip2 Miniature Circuit Breaker
Low Voltage Switch Gear,MCB,WiNtrip2 Miniature Circuit Breaker
Low Voltage Switch Gear,MCB,WiNtrip2 Miniature Circuit Breaker
Low Voltage Switch Gear,MCB,WiNtrip2 Miniature Circuit Breaker
Low Voltage Switch Gear,MCB,WiNtrip2 Miniature Circuit Breaker
Low Voltage Switch Gear,MCB,WiNtrip2 Miniature Circuit Breaker
Low Voltage Switch Gear,MCB,WiNtrip2 Miniature Circuit Breaker
Low Voltage Switch Gear,MCB,WiNtrip2 Miniature Circuit Breaker
Low Voltage Switch Gear,MCB,WiNtrip2 Miniature Circuit Breaker
Low Voltage Switch Gear,MCB,WiNtrip2 Miniature Circuit Breaker
Low Voltage Switch Gear,MCB,WiNtrip2 Miniature Circuit Breaker
Low Voltage Switch Gear,MCB,WiNtrip2 Miniature Circuit Breaker
Low Voltage Switch Gear,MCB,WiNtrip2 Miniature Circuit Breaker
Low Voltage Switch Gear,MCB,WiNtrip2 Miniature Circuit Breaker
Low Voltage Switch Gear,MCB,WiNtrip2 Miniature Circuit Breaker
Low Voltage Switch Gear,MCB,WiNtrip2 Miniature Circuit Breaker
Low Voltage Switch Gear,MCB,WiNtrip2 Miniature Circuit Breaker
Low Voltage Switch Gear,MCB,WiNtrip2 Miniature Circuit Breaker
Low Voltage Switch Gear,MCB,WiNtrip2 Miniature Circuit Breaker
Low Voltage Switch Gear,MCB,WiNtrip2 Miniature Circuit Breaker
Low Voltage Switch Gear,MCB,WiNtrip2 Miniature Circuit Breaker
Low Voltage Switch Gear,MCB,WiNtrip2 Miniature Circuit Breaker
Low Voltage Switch Gear,MCB,WiNtrip2 Miniature Circuit Breaker
Low Voltage Switch Gear,MCB,WiNtrip2 Miniature Circuit Breaker
Low Voltage Switch Gear,MCB,WiNtrip2 Miniature Circuit Breaker
Low Voltage Switch Gear,MCB,WiNtrip2 Miniature Circuit Breaker
Low Voltage Switch Gear,MCB,WiNtrip2 Miniature Circuit Breaker
Low Voltage Switch Gear,MCB,WiNtrip2 Miniature Circuit Breaker
Low Voltage Switch Gear,MCB,WiNtrip2 Miniature Circuit Breaker
Low Voltage Switch Gear,MCB,WiNtrip2 Miniature Circuit Breaker
Low Voltage Switch Gear,MCB,WiNtrip2 Miniature Circuit Breaker
Low Voltage Switch Gear,MCB,WiNtrip2 Miniature Circuit Breaker
Low Voltage Switch Gear,MCB,WiNtrip2 Miniature Circuit Breaker
Low Voltage Switch Gear,MCB,WiNtrip2 Miniature Circuit Breaker
Low Voltage Switch Gear,MCB,WiNtrip2 Miniature Circuit Breaker
Low Voltage Switch Gear,MCB,WiNtrip2 Miniature Circuit Breaker
Low Voltage Switch Gear,MCB,WiNtrip2 Miniature Circuit Breaker
Low Voltage Switch Gear,MCB,WiNtrip2 Miniature Circuit Breaker
Low Voltage Switch Gear,MCB,WiNtrip2 Miniature Circuit Breaker
Low Voltage Switch Gear,MCB,WiNtrip2 Miniature Circuit Breaker
Low Voltage Switch Gear,MCB,WiNtrip2 Miniature Circuit Breaker
Low Voltage Switch Gear,MCB,WiNtrip2 Miniature Circuit Breaker
Low Voltage Switch Gear,MCB,WiNtrip2 Miniature Circuit Breaker
Low Voltage Switch Gear,MCB,WiNtrip2 Miniature Circuit Breaker
Low Voltage Switch Gear,MCB,WiNtrip2 Miniature Circuit Breaker
Low Voltage Switch Gear,MCB,WiNtrip2 Miniature Circuit Breaker
Low Voltage Switch Gear,MCB,WiNtrip2 Miniature Circuit Breaker
Low Voltage Switch Gear,MCB,WiNtrip2 Miniature Circuit Breaker
Low Voltage Switch Gear,MCB,WiNtrip2 Miniature Circuit Breaker
Low Voltage Switch Gear,MCB,WiNtrip2 Miniature Circuit Breaker
Low Voltage Switch Gear,MCB,WiNtrip2 Miniature Circuit Breaker
Low Voltage Switch Gear,MCB,WiNtrip2 Miniature Circuit Breaker
Low Voltage Switch Gear,MCB,WiNtrip2 Miniature Circuit Breaker
Low Voltage Switch Gear,MCB,WiNtrip2 Miniature Circuit Breaker
Low Voltage Switch Gear,MCB,WiNtrip2 Miniature Circuit Breaker
Low Voltage Switch Gear,MCB,WiNtrip2 Miniature Circuit Breaker
Low Voltage Switch Gear,MCB,WiNtrip2 Miniature Circuit Breaker
Low Voltage Switch Gear,MCB,WiNtrip2 Miniature Circuit Breaker
Low Voltage Switch Gear,MCB,WiNtrip2 Miniature Circuit Breaker
Low Voltage Switch Gear,MCB,WiNtrip2 Miniature Circuit Breaker
Low Voltage Switch Gear,MCB,WiNtrip2 Miniature Circuit Breaker
Low Voltage Switch Gear,MCB,WiNtrip2 Miniature Circuit Breaker
Low Voltage Switch Gear,MCB,WiNtrip2 Miniature Circuit Breaker
Low Voltage Switch Gear,MCB,WiNtrip2 Miniature Circuit Breaker
Low Voltage Switch Gear,MCB,WiNtrip2 Miniature Circuit Breaker
Low Voltage Switch Gear,MCB,WiNtrip2 Miniature Circuit Breaker
Low Voltage Switch Gear,MCCB,"Electric MCCB 250 A, 3 Pole, 50 kA"
Low Voltage Switch Gear,MCCB,"Electric MCCB 160 A, 3 Pole, 50 kA"