id,name,brand,main_category,c1_category,c2_category,leaf_category,artical_no,series_name,model_no,mrp,seling_price,unit_of_measurement,selling_unit,magnitude_of_uom,description,image_1,image_2,image_3,image_4,image_5,attribute1a,attribute1b,attribute2a,attribute2b,attribute3a,attribute3b,attribute4a,attribute4b,attribute5a,attribute5b,attribute6a,attribute6b,attribute7a,attribute7b,attribute8a,attribute8b,attribute9a,attribute9b,attribute10a,attribute10b,attribute11a,attribute11b,image,sku_code,hsn,tax,catalogue_url,is_return_available,return_day,faq,width,height,depth,weight,min_quantity,ship_time,accesoriess_cat_name
7428,Polycab 0.5 sq.mm x 2 Core Industrial Multicore Copper Flexible PVC Cable- 100Mtrs.,Polycab,Panel & Panel Accessories,Wires & Cables,Power Multi Core Cables,2 Core Industrial Multicore Copper Flexible PVC Cable,,,,3450,1794,Meter,( 1 Pack of 100 Mtrs ),1,Polycab 0.5 sq.mm x 2 Core Industrial Multicore Copper Flexible PVC Cable- 100Mtrs.,,,,,,Type of Core,2 Core,Nominal Area of Conductor,0.5 sq.mm,Current Carrying Capacity,(5 A),Voltage Rating,1100 Volts,Cable Length,100Mtrs.,,,,,,,,,,,,,1720787269-Product-multi core.PNG,2491617531-Polycab-0.5-s,,18%,,,,,,,,,2,1-2 Days,
7429,Polycab 0.75 Sq.mm x 2 Core Industrial Multicore Copper Flexible PVC Cable- 100Mtrs.,Polycab,Panel & Panel Accessories,Wires & Cables,Power Multi Core Cables,2 Core Industrial Multicore Copper Flexible PVC Cable,,,,4610,2397.2,Meter,( 1 Pack of 100 Mtrs ),1,Polycab 0.75 Sq.mm x 2 Core Industrial Multicore Copper Flexible PVC Cable- 100Mtrs.,,,,,,Type of Core,2 Core,Nominal Area of Conductor,0.75 Sq.mm,Current Carrying Capacity,(8 A),Voltage Rating,1100 Volts,Cable Length,100Mtrs.,,,,,,,,,,,,,1720787269-Product-multi core.PNG,8881903963-Polycab-0.75,,18%,,,,,,,,,1,1-2 Days,
7430,Polycab 1 Sq.mm x 2 Core Industrial Multicore Copper Flexible PVC Cable- 100Mtrs.,Polycab,Panel & Panel Accessories,Wires & Cables,Power Multi Core Cables,2 Core Industrial Multicore Copper Flexible PVC Cable,,,,5865,3049.8,Meter,( 1 Pack of 100 Mtrs ),1,Polycab 1 Sq.mm x 2 Core Industrial Multicore Copper Flexible PVC Cable- 100Mtrs.,,,,,,Type of Core,2 Core,Nominal Area of Conductor,1 Sq.mm,Current Carrying Capacity,(13 A),Voltage Rating,1100 Volts,Cable Length,100Mtrs.,,,,,,,,,,,,,1720787269-Product-multi core.PNG,4077690917-Polycab-1-Sq.,,18%,,,,,,,,,1,1-2 Days,
7431,Polycab 1.5 Sq.mm x 2 Core Industrial Multicore Copper Flexible PVC Cable- 100Mtrs.,Polycab,Panel & Panel Accessories,Wires & Cables,Power Multi Core Cables,2 Core Industrial Multicore Copper Flexible PVC Cable,,,,7975,4147,Meter,( 1 Pack of 100 Mtrs ),1,Polycab 1.5 Sq.mm x 2 Core Industrial Multicore Copper Flexible PVC Cable- 100Mtrs.,,,,,,Type of Core,2 Core,Nominal Area of Conductor,1.5 Sq.mm,Current Carrying Capacity,(17 A),Voltage Rating,1100 Volts,Cable Length,100Mtrs.,,,,,,,,,,,,,1720787269-Product-multi core.PNG,1822076947-Polycab-1.5-S,,18%,,,,,,,,,1,1-2 Days,
7432,Polycab 2.5 Sq.mm x 2 Core Industrial Multicore Copper Flexible PVC Cable- 100Mtrs.,Polycab,Panel & Panel Accessories,Wires & Cables,Power Multi Core Cables,2 Core Industrial Multicore Copper Flexible PVC Cable,,,,12900,6708,Meter,( 1 Pack of 100 Mtrs ),1,Polycab 2.5 Sq.mm x 2 Core Industrial Multicore Copper Flexible PVC Cable- 100Mtrs.,,,,,,Type of Core,2 Core,Nominal Area of Conductor,2.5 Sq.mm,Current Carrying Capacity,(24 A),Voltage Rating,1100 Volts,Cable Length,100Mtrs.,,,,,,,,,,,,,1720787269-Product-multi core.PNG,4083856853-Polycab-2.5-S,,18%,,,,,,,,,1,1-2 Days,
7433,Polycab 4 Sq.mm x 2 Core Industrial Multicore Copper Flexible PVC Cable- 100Mtrs.,Polycab,Panel & Panel Accessories,Wires & Cables,Power Multi Core Cables,2 Core Industrial Multicore Copper Flexible PVC Cable,,,,19300,10036,Meter,( 1 Pack of 100 Mtrs ),1,Polycab 4 Sq.mm x 2 Core Industrial Multicore Copper Flexible PVC Cable- 100Mtrs.,,,,,,Type of Core,2 Core,Nominal Area of Conductor,4 Sq.mm,Current Carrying Capacity,(30 A),Voltage Rating,1100 Volts,Cable Length,100Mtrs.,,,,,,,,,,,,,1720787269-Product-multi core.PNG,2557883796-Polycab-4-Sq.,,18%,,,,,,,,,1,1-2 Days,
7434,Polycab 6 Sq.mm x 2 Core Industrial Multicore Copper Flexible PVC Cable- 100Mtrs.,Polycab,Panel & Panel Accessories,Wires & Cables,Power Multi Core Cables,2 Core Industrial Multicore Copper Flexible PVC Cable,,,,28400,14768,Meter,( 1 Pack of 100 Mtrs ),1,Polycab 6 Sq.mm x 2 Core Industrial Multicore Copper Flexible PVC Cable- 100Mtrs.,,,,,,Type of Core,2 Core,Nominal Area of Conductor,6 Sq.mm,Current Carrying Capacity,(38 A),Voltage Rating,1100 Volts,Cable Length,100Mtrs.,,,,,,,,,,,,,1720787269-Product-multi core.PNG,4839727224-Polycab-6-Sq.,,18%,,,,,,,,,1,1-2 Days,
7435,Polycab 10 Sq.mm x 2 Core Industrial Multicore Copper Flexible PVC Cable- 100Mtrs.,Polycab,Panel & Panel Accessories,Wires & Cables,Power Multi Core Cables,2 Core Industrial Multicore Copper Flexible PVC Cable,,,,48600,25272,Meter,( 1 Pack of 100 Mtrs ),1,Polycab 10 Sq.mm x 2 Core Industrial Multicore Copper Flexible PVC Cable- 100Mtrs.,,,,,,Type of Core,2 Core,Nominal Area of Conductor,10 Sq.mm,Current Carrying Capacity,(52 A),Voltage Rating,1100 Volts,Cable Length,100Mtrs.,,,,,,,,,,,,,1720787269-Product-multi core.PNG,5481713485-Polycab-10-Sq,,18%,,,,,,,,,1,1-2 Days,
7436,Polycab 16 Sq.mm x 2 Core Industrial Multicore Copper Flexible PVC Cable- 100Mtrs.,Polycab,Panel & Panel Accessories,Wires & Cables,Power Multi Core Cables,2 Core Industrial Multicore Copper Flexible PVC Cable,,,,76100,39572,Meter,( 1 Pack of 100 Mtrs ),1,Polycab 16 Sq.mm x 2 Core Industrial Multicore Copper Flexible PVC Cable- 100Mtrs.,,,,,,Type of Core,2 Core,Nominal Area of Conductor,16 Sq.mm,Current Carrying Capacity,(70 A),Voltage Rating,1100 Volts,Cable Length,100Mtrs.,,,,,,,,,,,,,1720787269-Product-multi core.PNG,2291482296-Polycab-16-Sq,,18%,,,,,,,,,1,1-2 Days,
7437,Polycab 25 Sq.mm x 2 Core Industrial Multicore Copper Flexible PVC Cable- 100Mtrs.,Polycab,Panel & Panel Accessories,Wires & Cables,Power Multi Core Cables,2 Core Industrial Multicore Copper Flexible PVC Cable,,,,126800,65936,Meter,( 1 Pack of 100 Mtrs ),1,Polycab 25 Sq.mm x 2 Core Industrial Multicore Copper Flexible PVC Cable- 100Mtrs.,,,,,,Type of Core,2 Core,Nominal Area of Conductor,25 Sq.mm,Current Carrying Capacity,(88 A),Voltage Rating,1100 Volts,Cable Length,100Mtrs.,,,,,,,,,,,,,1720787269-Product-multi core.PNG,6839322543-Polycab-25-Sq,,18%,,,,,,,,,1,1-2 Days,
7438,Polycab 35 Sq.mm x 2 Core Industrial Multicore Copper Flexible PVC Cable- 100Mtrs.,Polycab,Panel & Panel Accessories,Wires & Cables,Power Multi Core Cables,2 Core Industrial Multicore Copper Flexible PVC Cable,,,,176500,91780,Meter,( 1 Pack of 100 Mtrs ),1,Polycab 35 Sq.mm x 2 Core Industrial Multicore Copper Flexible PVC Cable- 100Mtrs.,,,,,,Type of Core,2 Core,Nominal Area of Conductor,35 Sq.mm,Current Carrying Capacity,(110 A),Voltage Rating,1100 Volts,Cable Length,100Mtrs.,,,,,,,,,,,,,1720787269-Product-multi core.PNG,5450162084-Polycab-35-Sq,,18%,,,,,,,,,1,1-2 Days,
7439,Polycab 50 Sq.mm x 2 Core Industrial Multicore Copper Flexible PVC Cable- 100Mtrs.,Polycab,Panel & Panel Accessories,Wires & Cables,Power Multi Core Cables,2 Core Industrial Multicore Copper Flexible PVC Cable,,,,250700,130364,Meter,( 1 Pack of 100 Mtrs ),1,Polycab 50 Sq.mm x 2 Core Industrial Multicore Copper Flexible PVC Cable- 100Mtrs.,,,,,,Type of Core,2 Core,Nominal Area of Conductor,50 Sq.mm,Current Carrying Capacity,(145 A),Voltage Rating,1100 Volts,Cable Length,100Mtrs.,,,,,,,,,,,,,1720787269-Product-multi core.PNG,3372680395-Polycab-50-Sq,,18%,,,,,,,,,1,1-2 Days,
7440,Polycab 70 Sq.mm x 2 Core Industrial Multicore Copper Flexible PVC Cable- 100Mtrs.,Polycab,Panel & Panel Accessories,Wires & Cables,Power Multi Core Cables,2 Core Industrial Multicore Copper Flexible PVC Cable,,,,356100,185172,Meter,( 1 Pack of 100 Mtrs ),1,Polycab 70 Sq.mm x 2 Core Industrial Multicore Copper Flexible PVC Cable- 100Mtrs.,,,,,,Type of Core,2 Core,Nominal Area of Conductor,70 Sq.mm,Current Carrying Capacity,(215 A),Voltage Rating,1100 Volts,Cable Length,100Mtrs.,,,,,,,,,,,,,1720787269-Product-multi core.PNG,8812784478-Polycab-70-Sq,,18%,,,,,,,,,1,1-2 Days,
7441,Polycab 0.5 sq.mm x 3 Core Industrial Multicore Copper Flexible PVC Cable- 100Mtrs.,Polycab,Panel & Panel Accessories,Wires & Cables,Power Multi Core Cables,3 Core Industrial Multicore Copper Flexible PVC Cable,,,,4725,2457,Meter,( 1 Pack of 100 Mtrs ),1,Polycab 0.5 sq.mm x 3 Core Industrial Multicore Copper Flexible PVC Cable- 100Mtrs.,,,,,,Type of Core,3 Core,Nominal Area of Conductor,0.5 sq.mm,Current Carrying Capacity,(5 A),Voltage Rating,1100 Volts,Cable Length,100Mtrs.,,,,,,,,,,,,,1720787269-Product-multi core.PNG,3167175085-Polycab-0.5-s,,18%,,,,,,,,,1,1-2 Days,
7442,Polycab 0.75 Sq.mm x 3 Core Industrial Multicore Copper Flexible PVC Cable- 100Mtrs.,Polycab,Panel & Panel Accessories,Wires & Cables,Power Multi Core Cables,3 Core Industrial Multicore Copper Flexible PVC Cable,,,,6405,3330.6,Meter,( 1 Pack of 100 Mtrs ),1,Polycab 0.75 Sq.mm x 3 Core Industrial Multicore Copper Flexible PVC Cable- 100Mtrs.,,,,,,Type of Core,3 Core,Nominal Area of Conductor,0.75 Sq.mm,Current Carrying Capacity,(8 A),Voltage Rating,1100 Volts,Cable Length,100Mtrs.,,,,,,,,,,,,,1720787269-Product-multi core.PNG,6738644573-Polycab-0.75,,18%,,,,,,,,,1,1-2 Days,
7443,Polycab 1 Sq.mm x 3 Core Industrial Multicore Copper Flexible PVC Cable- 100Mtrs.,Polycab,Panel & Panel Accessories,Wires & Cables,Power Multi Core Cables,3 Core Industrial Multicore Copper Flexible PVC Cable,,,,8150,4238,Meter,( 1 Pack of 100 Mtrs ),1,Polycab 1 Sq.mm x 3 Core Industrial Multicore Copper Flexible PVC Cable- 100Mtrs.,,,,,,Type of Core,3 Core,Nominal Area of Conductor,1 Sq.mm,Current Carrying Capacity,(13 A),Voltage Rating,1100 Volts,Cable Length,100Mtrs.,,,,,,,,,,,,,1720787269-Product-multi core.PNG,1720093186-Polycab-1-Sq.,,18%,,,,,,,,,1,1-2 Days,
7444,Polycab 1.5 Sq.mm x 3 Core Industrial Multicore Copper Flexible PVC Cable- 100Mtrs.,Polycab,Panel & Panel Accessories,Wires & Cables,Power Multi Core Cables,3 Core Industrial Multicore Copper Flexible PVC Cable,,,,11325,5889,Meter,( 1 Pack of 100 Mtrs ),1,Polycab 1.5 Sq.mm x 3 Core Industrial Multicore Copper Flexible PVC Cable- 100Mtrs.,,,,,,Type of Core,3 Core,Nominal Area of Conductor,1.5 Sq.mm,Current Carrying Capacity,(17 A),Voltage Rating,1100 Volts,Cable Length,100Mtrs.,,,,,,,,,,,,,1720787269-Product-multi core.PNG,1770105863-Polycab-1.5-S,,18%,,,,,,,,,1,1-2 Days,
7445,Polycab 2.5 Sq.mm x 3 Core Industrial Multicore Copper Flexible PVC Cable- 100Mtrs.,Polycab,Panel & Panel Accessories,Wires & Cables,Power Multi Core Cables,3 Core Industrial Multicore Copper Flexible PVC Cable,,,,18100,9412,Meter,( 1 Pack of 100 Mtrs ),1,Polycab 2.5 Sq.mm x 3 Core Industrial Multicore Copper Flexible PVC Cable- 100Mtrs.,,,,,,Type of Core,3 Core,Nominal Area of Conductor,2.5 Sq.mm,Current Carrying Capacity,(24 A),Voltage Rating,1100 Volts,Cable Length,100Mtrs.,,,,,,,,,,,,,1720787269-Product-multi core.PNG,5955526732-Polycab-2.5-S,,18%,,,,,,,,,1,1-2 Days,
7446,Polycab 4 Sq.mm x 3 Core Industrial Multicore Copper Flexible PVC Cable- 100Mtrs.,Polycab,Panel & Panel Accessories,Wires & Cables,Power Multi Core Cables,3 Core Industrial Multicore Copper Flexible PVC Cable,,,,27850,14482,Meter,( 1 Pack of 100 Mtrs ),1,Polycab 4 Sq.mm x 3 Core Industrial Multicore Copper Flexible PVC Cable- 100Mtrs.,,,,,,Type of Core,3 Core,Nominal Area of Conductor,4 Sq.mm,Current Carrying Capacity,(30 A),Voltage Rating,1100 Volts,Cable Length,100Mtrs.,,,,,,,,,,,,,1720787269-Product-multi core.PNG,4380723754-Polycab-4-Sq.,,18%,,,,,,,,,1,1-2 Days,
7447,Polycab 6 Sq.mm x 3 Core Industrial Multicore Copper Flexible PVC Cable- 100Mtrs.,Polycab,Panel & Panel Accessories,Wires & Cables,Power Multi Core Cables,3 Core Industrial Multicore Copper Flexible PVC Cable,,,,41050,21346,Meter,( 1 Pack of 100 Mtrs ),1,Polycab 6 Sq.mm x 3 Core Industrial Multicore Copper Flexible PVC Cable- 100Mtrs.,,,,,,Type of Core,3 Core,Nominal Area of Conductor,6 Sq.mm,Current Carrying Capacity,(38 A),Voltage Rating,1100 Volts,Cable Length,100Mtrs.,,,,,,,,,,,,,1720787269-Product-multi core.PNG,7372948706-Polycab-6-Sq.,,18%,,,,,,,,,1,1-2 Days,
7448,Polycab 10 Sq.mm x 3 Core Industrial Multicore Copper Flexible PVC Cable- 100Mtrs.,Polycab,Panel & Panel Accessories,Wires & Cables,Power Multi Core Cables,3 Core Industrial Multicore Copper Flexible PVC Cable,,,,70800,36816,Meter,( 1 Pack of 100 Mtrs ),1,Polycab 10 Sq.mm x 3 Core Industrial Multicore Copper Flexible PVC Cable- 100Mtrs.,,,,,,Type of Core,3 Core,Nominal Area of Conductor,10 Sq.mm,Current Carrying Capacity,(52 A),Voltage Rating,1100 Volts,Cable Length,100Mtrs.,,,,,,,,,,,,,1720787269-Product-multi core.PNG,2149506476-Polycab-10-Sq,,18%,,,,,,,,,1,1-2 Days,
7449,Polycab 16 Sq.mm x 3 Core Industrial Multicore Copper Flexible PVC Cable- 100Mtrs.,Polycab,Panel & Panel Accessories,Wires & Cables,Power Multi Core Cables,3 Core Industrial Multicore Copper Flexible PVC Cable,,,,110700,57564,Meter,( 1 Pack of 100 Mtrs ),1,Polycab 16 Sq.mm x 3 Core Industrial Multicore Copper Flexible PVC Cable- 100Mtrs.,,,,,,Type of Core,3 Core,Nominal Area of Conductor,16 Sq.mm,Current Carrying Capacity,(70 A),Voltage Rating,1100 Volts,Cable Length,100Mtrs.,,,,,,,,,,,,,1720787269-Product-multi core.PNG,8175648857-Polycab-16-Sq,,18%,,,,,,,,,1,1-2 Days,
7450,Polycab 25 Sq.mm x 3 Core Industrial Multicore Copper Flexible PVC Cable- 100Mtrs.,Polycab,Panel & Panel Accessories,Wires & Cables,Power Multi Core Cables,3 Core Industrial Multicore Copper Flexible PVC Cable,,,,183700,95524,Meter,( 1 Pack of 100 Mtrs ),1,Polycab 25 Sq.mm x 3 Core Industrial Multicore Copper Flexible PVC Cable- 100Mtrs.,,,,,,Type of Core,3 Core,Nominal Area of Conductor,25 Sq.mm,Current Carrying Capacity,(88 A),Voltage Rating,1100 Volts,Cable Length,100Mtrs.,,,,,,,,,,,,,1720787269-Product-multi core.PNG,9486010420-Polycab-25-Sq,,18%,,,,,,,,,1,1-2 Days,
7451,Polycab 35 Sq.mm x 3 Core Industrial Multicore Copper Flexible PVC Cable- 100Mtrs.,Polycab,Panel & Panel Accessories,Wires & Cables,Power Multi Core Cables,3 Core Industrial Multicore Copper Flexible PVC Cable,,,,255100,132652,Meter,( 1 Pack of 100 Mtrs ),1,Polycab 35 Sq.mm x 3 Core Industrial Multicore Copper Flexible PVC Cable- 100Mtrs.,,,,,,Type of Core,3 Core,Nominal Area of Conductor,35 Sq.mm,Current Carrying Capacity,(110 A),Voltage Rating,1100 Volts,Cable Length,100Mtrs.,,,,,,,,,,,,,1720787269-Product-multi core.PNG,2404147721-Polycab-35-Sq,,18%,,,,,,,,,1,1-2 Days,
7452,Polycab 50 Sq.mm x 3 Core Industrial Multicore Copper Flexible PVC Cable- 100Mtrs.,Polycab,Panel & Panel Accessories,Wires & Cables,Power Multi Core Cables,3 Core Industrial Multicore Copper Flexible PVC Cable,,,,363400,188968,Meter,( 1 Pack of 100 Mtrs ),1,Polycab 50 Sq.mm x 3 Core Industrial Multicore Copper Flexible PVC Cable- 100Mtrs.,,,,,,Type of Core,3 Core,Nominal Area of Conductor,50 Sq.mm,Current Carrying Capacity,(145 A),Voltage Rating,1100 Volts,Cable Length,100Mtrs.,,,,,,,,,,,,,1720787269-Product-multi core.PNG,6876705226-Polycab-50-Sq,,18%,,,,,,,,,1,1-2 Days,
7453,Polycab 70 Sq.mm x 3 Core Industrial Multicore Copper Flexible PVC Cable- 100Mtrs.,Polycab,Panel & Panel Accessories,Wires & Cables,Power Multi Core Cables,3 Core Industrial Multicore Copper Flexible PVC Cable,,,,504100,262132,Meter,( 1 Pack of 100 Mtrs ),1,Polycab 70 Sq.mm x 3 Core Industrial Multicore Copper Flexible PVC Cable- 100Mtrs.,,,,,,Type of Core,3 Core,Nominal Area of Conductor,70 Sq.mm,Current Carrying Capacity,(215 A),Voltage Rating,1100 Volts,Cable Length,100Mtrs.,,,,,,,,,,,,,1720787269-Product-multi core.PNG,1736617526-Polycab-70-Sq,,18%,,,,,,,,,1,1-2 Days,
7454,Polycab 0.5 sq.mm x 4 Core Industrial Multicore Copper Flexible PVC Cable- 100Mtrs.,Polycab,Panel & Panel Accessories,Wires & Cables,Power Multi Core Cables,4 Core Industrial Multicore Copper Flexible PVC Cable,,,,6045,3143.4,Meter,( 1 Pack of 100 Mtrs ),1,Polycab 0.5 sq.mm x 4 Core Industrial Multicore Copper Flexible PVC Cable- 100Mtrs.,,,,,,Type of Core,4 Core,Nominal Area of Conductor,0.75 Sq.mm,Current Carrying Capacity,(8 A),Voltage Rating,1100 Volts,Cable Length,100Mtrs.,,,,,,,,,,,,,1720787269-Product-multi core.PNG,3025368904-Polycab-0.5-s,,18%,,,,,,,,,1,1-2 Days,
7455,Polycab 0.75 Sq.mm x 4 Core Industrial Multicore Copper Flexible PVC Cable- 100Mtrs.,Polycab,Panel & Panel Accessories,Wires & Cables,Power Multi Core Cables,4 Core Industrial Multicore Copper Flexible PVC Cable,,,,8230,4279.6,Meter,( 1 Pack of 100 Mtrs ),1,Polycab 0.75 Sq.mm x 4 Core Industrial Multicore Copper Flexible PVC Cable- 100Mtrs.,,,,,,Type of Core,4 Core,Nominal Area of Conductor,1 Sq.mm,Current Carrying Capacity,(13 A),Voltage Rating,1100 Volts,Cable Length,100Mtrs.,,,,,,,,,,,,,1720787269-Product-multi core.PNG,9409430468-Polycab-0.75,,18%,,,,,,,,,1,1-2 Days,
7456,Polycab 1 Sq.mm x 4 Core Industrial Multicore Copper Flexible PVC Cable- 100Mtrs.,Polycab,Panel & Panel Accessories,Wires & Cables,Power Multi Core Cables,4 Core Industrial Multicore Copper Flexible PVC Cable,,,,10525,5473,Meter,( 1 Pack of 100 Mtrs ),1,Polycab 1 Sq.mm x 4 Core Industrial Multicore Copper Flexible PVC Cable- 100Mtrs.,,,,,,Type of Core,4 Core,Nominal Area of Conductor,1.5 Sq.mm,Current Carrying Capacity,(17 A),Voltage Rating,1100 Volts,Cable Length,100Mtrs.,,,,,,,,,,,,,1720787269-Product-multi core.PNG,1400480775-Polycab-1-Sq.,,18%,,,,,,,,,1,1-2 Days,
7457,Polycab 1.5 Sq.mm x 4 Core Industrial Multicore Copper Flexible PVC Cable- 100Mtrs.,Polycab,Panel & Panel Accessories,Wires & Cables,Power Multi Core Cables,4 Core Industrial Multicore Copper Flexible PVC Cable,,,,14825,7709,Meter,( 1 Pack of 100 Mtrs ),1,Polycab 1.5 Sq.mm x 4 Core Industrial Multicore Copper Flexible PVC Cable- 100Mtrs.,,,,,,Type of Core,4 Core,Nominal Area of Conductor,2.5 Sq.mm,Current Carrying Capacity,(24 A),Voltage Rating,1100 Volts,Cable Length,100Mtrs.,,,,,,,,,,,,,1720787269-Product-multi core.PNG,7438862042-Polycab-1.5-S,,18%,,,,,,,,,1,1-2 Days,
7458,Polycab 2.5 Sq.mm x 4 Core Industrial Multicore Copper Flexible PVC Cable- 100Mtrs.,Polycab,Panel & Panel Accessories,Wires & Cables,Power Multi Core Cables,4 Core Industrial Multicore Copper Flexible PVC Cable,,,,23950,12454,Meter,( 1 Pack of 100 Mtrs ),1,Polycab 2.5 Sq.mm x 4 Core Industrial Multicore Copper Flexible PVC Cable- 100Mtrs.,,,,,,Type of Core,4 Core,Nominal Area of Conductor,4 Sq.mm,Current Carrying Capacity,(30 A),Voltage Rating,1100 Volts,Cable Length,100Mtrs.,,,,,,,,,,,,,1720787269-Product-multi core.PNG,5624597353-Polycab-2.5-S,,18%,,,,,,,,,1,1-2 Days,
7459,Polycab 4 Sq.mm x 4 Core Industrial Multicore Copper Flexible PVC Cable- 100Mtrs.,Polycab,Panel & Panel Accessories,Wires & Cables,Power Multi Core Cables,4 Core Industrial Multicore Copper Flexible PVC Cable,,,,36600,19032,Meter,( 1 Pack of 100 Mtrs ),1,Polycab 4 Sq.mm x 4 Core Industrial Multicore Copper Flexible PVC Cable- 100Mtrs.,,,,,,Type of Core,4 Core,Nominal Area of Conductor,6 Sq.mm,Current Carrying Capacity,(38 A),Voltage Rating,1100 Volts,Cable Length,100Mtrs.,,,,,,,,,,,,,1720787269-Product-multi core.PNG,6748718995-Polycab-4-Sq.,,18%,,,,,,,,,1,1-2 Days,
7460,Polycab 6 Sq.mm x 4 Core Industrial Multicore Copper Flexible PVC Cable- 100Mtrs.,Polycab,Panel & Panel Accessories,Wires & Cables,Power Multi Core Cables,4 Core Industrial Multicore Copper Flexible PVC Cable,,,,54000,28080,Meter,( 1 Pack of 100 Mtrs ),1,Polycab 6 Sq.mm x 4 Core Industrial Multicore Copper Flexible PVC Cable- 100Mtrs.,,,,,,Type of Core,4 Core,Nominal Area of Conductor,10 Sq.mm,Current Carrying Capacity,(52 A),Voltage Rating,1100 Volts,Cable Length,100Mtrs.,,,,,,,,,,,,,1720787269-Product-multi core.PNG,4556895973-Polycab-6-Sq.,,18%,,,,,,,,,1,1-2 Days,
7461,Polycab 10 Sq.mm x 4 Core Industrial Multicore Copper Flexible PVC Cable- 100Mtrs.,Polycab,Panel & Panel Accessories,Wires & Cables,Power Multi Core Cables,4 Core Industrial Multicore Copper Flexible PVC Cable,,,,93100,48412,Meter,( 1 Pack of 100 Mtrs ),1,Polycab 10 Sq.mm x 4 Core Industrial Multicore Copper Flexible PVC Cable- 100Mtrs.,,,,,,Type of Core,4 Core,Nominal Area of Conductor,16 Sq.mm,Current Carrying Capacity,(70 A),Voltage Rating,1100 Volts,Cable Length,100Mtrs.,,,,,,,,,,,,,1720787269-Product-multi core.PNG,4666301306-Polycab-10-Sq,,18%,,,,,,,,,1,1-2 Days,
7462,Polycab 16 Sq.mm x 4 Core Industrial Multicore Copper Flexible PVC Cable- 100Mtrs.,Polycab,Panel & Panel Accessories,Wires & Cables,Power Multi Core Cables,4 Core Industrial Multicore Copper Flexible PVC Cable,,,,146100,75972,Meter,( 1 Pack of 100 Mtrs ),1,Polycab 16 Sq.mm x 4 Core Industrial Multicore Copper Flexible PVC Cable- 100Mtrs.,,,,,,Type of Core,4 Core,Nominal Area of Conductor,25 Sq.mm,Current Carrying Capacity,(88 A),Voltage Rating,1100 Volts,Cable Length,100Mtrs.,,,,,,,,,,,,,1720787269-Product-multi core.PNG,4776275554-Polycab-16-Sq,,18%,,,,,,,,,1,1-2 Days,
7463,Polycab 25 Sq.mm x 4 Core Industrial Multicore Copper Flexible PVC Cable- 100Mtrs.,Polycab,Panel & Panel Accessories,Wires & Cables,Power Multi Core Cables,4 Core Industrial Multicore Copper Flexible PVC Cable,,,,239900,124748,Meter,( 1 Pack of 100 Mtrs ),1,Polycab 25 Sq.mm x 4 Core Industrial Multicore Copper Flexible PVC Cable- 100Mtrs.,,,,,,Type of Core,4 Core,Nominal Area of Conductor,35 Sq.mm,Current Carrying Capacity,(110 A),Voltage Rating,1100 Volts,Cable Length,100Mtrs.,,,,,,,,,,,,,1720787269-Product-multi core.PNG,3672753478-Polycab-25-Sq,,18%,,,,,,,,,1,1-2 Days,
7464,Polycab 35 Sq.mm x 4 Core Industrial Multicore Copper Flexible PVC Cable- 100Mtrs.,Polycab,Panel & Panel Accessories,Wires & Cables,Power Multi Core Cables,4 Core Industrial Multicore Copper Flexible PVC Cable,,,,335300,174356,Meter,( 1 Pack of 100 Mtrs ),1,Polycab 35 Sq.mm x 4 Core Industrial Multicore Copper Flexible PVC Cable- 100Mtrs.,,,,,,Type of Core,4 Core,Nominal Area of Conductor,50 Sq.mm,Current Carrying Capacity,(145 A),Voltage Rating,1100 Volts,Cable Length,100Mtrs.,,,,,,,,,,,,,1720787269-Product-multi core.PNG,8642357671-Polycab-35-Sq,,18%,,,,,,,,,1,1-2 Days,
7465,Polycab 50 Sq.mm x 4 Core Industrial Multicore Copper Flexible PVC Cable- 100Mtrs.,Polycab,Panel & Panel Accessories,Wires & Cables,Power Multi Core Cables,4 Core Industrial Multicore Copper Flexible PVC Cable,,,,479900,249548,Meter,( 1 Pack of 100 Mtrs ),1,Polycab 50 Sq.mm x 4 Core Industrial Multicore Copper Flexible PVC Cable- 100Mtrs.,,,,,,Type of Core,4 Core,Nominal Area of Conductor,70 Sq.mm,Current Carrying Capacity,(215 A),Voltage Rating,1100 Volts,Cable Length,100Mtrs.,,,,,,,,,,,,,1720787269-Product-multi core.PNG,7126966851-Polycab-50-Sq,,18%,,,,,,,,,1,1-2 Days,
7466,Polycab 70 Sq.mm x 4 Core Industrial Multicore Copper Flexible PVC Cable- 100Mtrs.,Polycab,Panel & Panel Accessories,Wires & Cables,Power Multi Core Cables,4 Core Industrial Multicore Copper Flexible PVC Cable,,,,666400,346528,Meter,( 1 Pack of 100 Mtrs ),1,Polycab 70 Sq.mm x 4 Core Industrial Multicore Copper Flexible PVC Cable- 100Mtrs.,,,,,,Type of Core,5 Core,Nominal Area of Conductor,0.5 sq.mm,Current Carrying Capacity,(5 A),Voltage Rating,1100 Volts,Cable Length,100Mtrs.,,,,,,,,,,,,,1720787269-Product-multi core.PNG,5405434035-Polycab-70-Sq,,18%,,,,,,,,,1,1-2 Days,
7467,Polycab 0.5 sq.mm x 5 Core Industrial Multicore Copper Flexible PVC Cable- 100Mtrs.,Polycab,Panel & Panel Accessories,Wires & Cables,Power Multi Core Cables,5 Core Industrial Multicore Copper Flexible PVC Cable,,,,7595,3949.4,Meter,( 1 Pack of 100 Mtrs ),1,Polycab 0.5 sq.mm x 5 Core Industrial Multicore Copper Flexible PVC Cable- 100Mtrs.,,,,,,Type of Core,5 Core,Nominal Area of Conductor,1 Sq.mm,Current Carrying Capacity,(13 A),Voltage Rating,1100 Volts,Cable Length,100Mtrs.,,,,,,,,,,,,,1720787269-Product-multi core.PNG,7721617760-Polycab-0.5-s,,18%,,,,,,,,,1,1-2 Days,
7468,Polycab 0.75 Sq.mm x 5 Core Industrial Multicore Copper Flexible PVC Cable- 100Mtrs.,Polycab,Panel & Panel Accessories,Wires & Cables,Power Multi Core Cables,5 Core Industrial Multicore Copper Flexible PVC Cable,,,,10750,5590,Meter,( 1 Pack of 100 Mtrs ),1,Polycab 0.75 Sq.mm x 5 Core Industrial Multicore Copper Flexible PVC Cable- 100Mtrs.,,,,,,Type of Core,5 Core,Nominal Area of Conductor,1.5 Sq.mm,Current Carrying Capacity,(17 A),Voltage Rating,1100 Volts,Cable Length,100Mtrs.,,,,,,,,,,,,,1720787269-Product-multi core.PNG,1866311230-Polycab-0.75,,18%,,,,,,,,,1,1-2 Days,
7469,Polycab 1 Sq.mm x 5 Core Industrial Multicore Copper Flexible PVC Cable- 100Mtrs.,Polycab,Panel & Panel Accessories,Wires & Cables,Power Multi Core Cables,5 Core Industrial Multicore Copper Flexible PVC Cable,,,,13900,7228,Meter,( 1 Pack of 100 Mtrs ),1,Polycab 1 Sq.mm x 5 Core Industrial Multicore Copper Flexible PVC Cable- 100Mtrs.,,,,,,Type of Core,5 Core,Nominal Area of Conductor,2.5 Sq.mm,Current Carrying Capacity,(24 A),Voltage Rating,1100 Volts,Cable Length,100Mtrs.,,,,,,,,,,,,,1720787269-Product-multi core.PNG,4417491866-Polycab-1-Sq.,,18%,,,,,,,,,1,1-2 Days,
7470,Polycab 1.5 Sq.mm x 5 Core Industrial Multicore Copper Flexible PVC Cable- 100Mtrs.,Polycab,Panel & Panel Accessories,Wires & Cables,Power Multi Core Cables,5 Core Industrial Multicore Copper Flexible PVC Cable,,,,18900,9828,Meter,( 1 Pack of 100 Mtrs ),1,Polycab 1.5 Sq.mm x 5 Core Industrial Multicore Copper Flexible PVC Cable- 100Mtrs.,,,,,,Type of Core,5 Core,Nominal Area of Conductor,4 Sq.mm,Current Carrying Capacity,(30 A),Voltage Rating,1100 Volts,Cable Length,100Mtrs.,,,,,,,,,,,,,1720787269-Product-multi core.PNG,8492455346-Polycab-1.5-S,,18%,,,,,,,,,1,1-2 Days,
7471,Polycab 2.5 Sq.mm x 5 Core Industrial Multicore Copper Flexible PVC Cable- 100Mtrs.,Polycab,Panel & Panel Accessories,Wires & Cables,Power Multi Core Cables,5 Core Industrial Multicore Copper Flexible PVC Cable,,,,31000,16120,Meter,( 1 Pack of 100 Mtrs ),1,Polycab 2.5 Sq.mm x 5 Core Industrial Multicore Copper Flexible PVC Cable- 100Mtrs.,,,,,,Type of Core,5 Core,Nominal Area of Conductor,6 Sq.mm,Current Carrying Capacity,(38 A),Voltage Rating,1100 Volts,Cable Length,100Mtrs.,,,,,,,,,,,,,1720787269-Product-multi core.PNG,8750208701-Polycab-2.5-S,,18%,,,,,,,,,1,1-2 Days,
7472,Polycab 4 Sq.mm x 5 Core Industrial Multicore Copper Flexible PVC Cable- 100Mtrs.,Polycab,Panel & Panel Accessories,Wires & Cables,Power Multi Core Cables,5 Core Industrial Multicore Copper Flexible PVC Cable,,,,48900,25428,Meter,( 1 Pack of 100 Mtrs ),1,Polycab 4 Sq.mm x 5 Core Industrial Multicore Copper Flexible PVC Cable- 100Mtrs.,,,,,,Type of Core,5 Core,Nominal Area of Conductor,10 Sq.mm,Current Carrying Capacity,(52 A),Voltage Rating,1100 Volts,Cable Length,100Mtrs.,,,,,,,,,,,,,1720787269-Product-multi core.PNG,5145915168-Polycab-4-Sq.,,18%,,,,,,,,,1,1-2 Days,
7473,Polycab 6 Sq.mm x 5 Core Industrial Multicore Copper Flexible PVC Cable- 100Mtrs.,Polycab,Panel & Panel Accessories,Wires & Cables,Power Multi Core Cables,5 Core Industrial Multicore Copper Flexible PVC Cable,,,,72000,37440,Meter,( 1 Pack of 100 Mtrs ),1,Polycab 6 Sq.mm x 5 Core Industrial Multicore Copper Flexible PVC Cable- 100Mtrs.,,,,,,Type of Core,5 Core,Nominal Area of Conductor,16 Sq.mm,Current Carrying Capacity,(70 A),Voltage Rating,1100 Volts,Cable Length,100Mtrs.,,,,,,,,,,,,,1720787269-Product-multi core.PNG,8981017632-Polycab-6-Sq.,,18%,,,,,,,,,1,1-2 Days,
7474,Polycab 10 Sq.mm x 5 Core Industrial Multicore Copper Flexible PVC Cable- 100Mtrs.,Polycab,Panel & Panel Accessories,Wires & Cables,Power Multi Core Cables,5 Core Industrial Multicore Copper Flexible PVC Cable,,,,124200,64584,Meter,( 1 Pack of 100 Mtrs ),1,Polycab 10 Sq.mm x 5 Core Industrial Multicore Copper Flexible PVC Cable- 100Mtrs.,,,,,,Type of Core,5 Core,Nominal Area of Conductor,25 Sq.mm,Current Carrying Capacity,(88 A),Voltage Rating,1100 Volts,Cable Length,100Mtrs.,,,,,,,,,,,,,1720787269-Product-multi core.PNG,4051054168-Polycab-10-Sq,,18%,,,,,,,,,1,1-2 Days,
7475,Polycab 16 Sq.mm x 5 Core Industrial Multicore Copper Flexible PVC Cable- 100Mtrs.,Polycab,Panel & Panel Accessories,Wires & Cables,Power Multi Core Cables,5 Core Industrial Multicore Copper Flexible PVC Cable,,,,190500,99060,Meter,( 1 Pack of 100 Mtrs ),1,Polycab 16 Sq.mm x 5 Core Industrial Multicore Copper Flexible PVC Cable- 100Mtrs.,,,,,,Type of Core,5 Core,Nominal Area of Conductor,35 Sq.mm,Current Carrying Capacity,(110 A),Voltage Rating,1100 Volts,Cable Length,100Mtrs.,,,,,,,,,,,,,1720787269-Product-multi core.PNG,4172151905-Polycab-16-Sq,,18%,,,,,,,,,1,1-2 Days,
7476,Polycab 25 Sq.mm x 5 Core Industrial Multicore Copper Flexible PVC Cable- 100Mtrs.,Polycab,Panel & Panel Accessories,Wires & Cables,Power Multi Core Cables,5 Core Industrial Multicore Copper Flexible PVC Cable,,,,346300,180076,Meter,( 1 Pack of 100 Mtrs ),1,Polycab 25 Sq.mm x 5 Core Industrial Multicore Copper Flexible PVC Cable- 100Mtrs.,,,,,,Type of Core,5 Core,Nominal Area of Conductor,50 Sq.mm,Current Carrying Capacity,(145 A),Voltage Rating,1100 Volts,Cable Length,100Mtrs.,,,,,,,,,,,,,1720787269-Product-multi core.PNG,1515324009-Polycab-25-Sq,,18%,,,,,,,,,1,1-2 Days,
7477,Polycab 35 Sq.mm x 5 Core Industrial Multicore Copper Flexible PVC Cable- 100Mtrs.,Polycab,Panel & Panel Accessories,Wires & Cables,Power Multi Core Cables,5 Core Industrial Multicore Copper Flexible PVC Cable,,,,474500,246740,Meter,( 1 Pack of 100 Mtrs ),1,Polycab 35 Sq.mm x 5 Core Industrial Multicore Copper Flexible PVC Cable- 100Mtrs.,,,,,,Type of Core,5 Core,Nominal Area of Conductor,70 Sq.mm,Current Carrying Capacity,(215 A),Voltage Rating,1100 Volts,Cable Length,100Mtrs.,,,,,,,,,,,,,1720787269-Product-multi core.PNG,4377931321-Polycab-35-Sq,,18%,,,,,,,,,1,1-2 Days,
7478,Polycab 50 Sq.mm x 5 Core Industrial Multicore Copper Flexible PVC Cable- 100Mtrs.,Polycab,Panel & Panel Accessories,Wires & Cables,Power Multi Core Cables,5 Core Industrial Multicore Copper Flexible PVC Cable,,,,686700,357084,Meter,( 1 Pack of 100 Mtrs ),1,Polycab 50 Sq.mm x 5 Core Industrial Multicore Copper Flexible PVC Cable- 100Mtrs.,,,,,,Type of Core,5 Core,Nominal Area of Conductor,0.5 sq.mm,Current Carrying Capacity,(5 A),Voltage Rating,1100 Volts,Cable Length,100Mtrs.,,,,,,,,,,,,,1720787269-Product-multi core.PNG,7062579892-Polycab-50-Sq,,18%,,,,,,,,,1,1-2 Days,
7479,Polycab 70 Sq.mm x 5 Core Industrial Multicore Copper Flexible PVC Cable- 100Mtrs.,Polycab,Panel & Panel Accessories,Wires & Cables,Power Multi Core Cables,5 Core Industrial Multicore Copper Flexible PVC Cable,,,,938900,488228,Meter,( 1 Pack of 100 Mtrs ),1,Polycab 70 Sq.mm x 5 Core Industrial Multicore Copper Flexible PVC Cable- 100Mtrs.,,,,,,Type of Core,5 Core,Nominal Area of Conductor,0.75 Sq.mm,Current Carrying Capacity,(8 A),Voltage Rating,1100 Volts,Cable Length,100Mtrs.,,,,,,,,,,,,,1720787269-Product-multi core.PNG,4408397989-Polycab-70-Sq,,18%,,,,,,,,,1,1-2 Days,
7480,Polycab 0.5 sq.mm x 6 Core Industrial Multicore Copper Flexible PVC Cable- 100Mtrs.,Polycab,Panel & Panel Accessories,Wires & Cables,Power Multi Core Cables,6 Core Industrial Multicore Copper Flexible PVC Cable,,,,9095,4729.4,Meter,( 1 Pack of 100 Mtrs ),1,Polycab 0.5 sq.mm x 6 Core Industrial Multicore Copper Flexible PVC Cable- 100Mtrs.,,,,,,Type of Core,6 Core,Nominal Area of Conductor,0.5 sq.mm,Current Carrying Capacity,(5 A),Voltage Rating,1100 Volts,Cable Length,100Mtrs.,,,,,,,,,,,,,1720787269-Product-multi core.PNG,9436700307-Polycab-0.5-s,,18%,,,,,,,,,1,1-2 Days,
7481,Polycab 0.75 Sq.mm x 6 Core Industrial Multicore Copper Flexible PVC Cable- 100Mtrs.,Polycab,Panel & Panel Accessories,Wires & Cables,Power Multi Core Cables,6 Core Industrial Multicore Copper Flexible PVC Cable,,,,12910,6713.2,Meter,( 1 Pack of 100 Mtrs ),1,Polycab 0.75 Sq.mm x 6 Core Industrial Multicore Copper Flexible PVC Cable- 100Mtrs.,,,,,,Type of Core,6 Core,Nominal Area of Conductor,0.75 Sq.mm,Current Carrying Capacity,(8 A),Voltage Rating,1100 Volts,Cable Length,100Mtrs.,,,,,,,,,,,,,1720787269-Product-multi core.PNG,1492390174-Polycab-0.75,,18%,,,,,,,,,1,1-2 Days,
7482,Polycab 1 Sq.mm x 6 Core Industrial Multicore Copper Flexible PVC Cable- 100Mtrs.,Polycab,Panel & Panel Accessories,Wires & Cables,Power Multi Core Cables,6 Core Industrial Multicore Copper Flexible PVC Cable,,,,16600,8632,Meter,( 1 Pack of 100 Mtrs ),1,Polycab 1 Sq.mm x 6 Core Industrial Multicore Copper Flexible PVC Cable- 100Mtrs.,,,,,,Type of Core,6 Core,Nominal Area of Conductor,1 Sq.mm,Current Carrying Capacity,(13 A),Voltage Rating,1100 Volts,Cable Length,100Mtrs.,,,,,,,,,,,,,1720787269-Product-multi core.PNG,9345515367-Polycab-1-Sq.,,18%,,,,,,,,,1,1-2 Days,
7483,Polycab 1.5 Sq.mm x 6 Core Industrial Multicore Copper Flexible PVC Cable- 100Mtrs.,Polycab,Panel & Panel Accessories,Wires & Cables,Power Multi Core Cables,6 Core Industrial Multicore Copper Flexible PVC Cable,,,,23000,11960,Meter,( 1 Pack of 100 Mtrs ),1,Polycab 1.5 Sq.mm x 6 Core Industrial Multicore Copper Flexible PVC Cable- 100Mtrs.,,,,,,Type of Core,6 Core,Nominal Area of Conductor,1.5 Sq.mm,Current Carrying Capacity,(17 A),Voltage Rating,1100 Volts,Cable Length,100Mtrs.,,,,,,,,,,,,,1720787269-Product-multi core.PNG,8652759259-Polycab-1.5-S,,18%,,,,,,,,,1,1-2 Days,
7484,Polycab 2.5 Sq.mm x 6 Core Industrial Multicore Copper Flexible PVC Cable- 100Mtrs.,Polycab,Panel & Panel Accessories,Wires & Cables,Power Multi Core Cables,6 Core Industrial Multicore Copper Flexible PVC Cable,,,,37100,19292,Meter,( 1 Pack of 100 Mtrs ),1,Polycab 2.5 Sq.mm x 6 Core Industrial Multicore Copper Flexible PVC Cable- 100Mtrs.,,,,,,Type of Core,6 Core,Nominal Area of Conductor,2.5 Sq.mm,Current Carrying Capacity,(24 A),Voltage Rating,1100 Volts,Cable Length,100Mtrs.,,,,,,,,,,,,,1720787269-Product-multi core.PNG,8028231013-Polycab-2.5-S,,18%,,,,,,,,,1,1-2 Days,
7485,Polycab 4 Sq.mm x 6 Core Industrial Multicore Copper Flexible PVC Cable- 100Mtrs.,Polycab,Panel & Panel Accessories,Wires & Cables,Power Multi Core Cables,6 Core Industrial Multicore Copper Flexible PVC Cable,,,,58600,30472,Meter,( 1 Pack of 100 Mtrs ),1,Polycab 4 Sq.mm x 6 Core Industrial Multicore Copper Flexible PVC Cable- 100Mtrs.,,,,,,Type of Core,6 Core,Nominal Area of Conductor,4 Sq.mm,Current Carrying Capacity,(30 A),Voltage Rating,1100 Volts,Cable Length,100Mtrs.,,,,,,,,,,,,,1720787269-Product-multi core.PNG,4483006287-Polycab-4-Sq.,,18%,,,,,,,,,1,1-2 Days,
7486,Polycab 6 Sq.mm x 6 Core Industrial Multicore Copper Flexible PVC Cable- 100Mtrs.,Polycab,Panel & Panel Accessories,Wires & Cables,Power Multi Core Cables,6 Core Industrial Multicore Copper Flexible PVC Cable,,,,86400,44928,Meter,( 1 Pack of 100 Mtrs ),1,Polycab 6 Sq.mm x 6 Core Industrial Multicore Copper Flexible PVC Cable- 100Mtrs.,,,,,,Type of Core,6 Core,Nominal Area of Conductor,6 Sq.mm,Current Carrying Capacity,(38 A),Voltage Rating,1100 Volts,Cable Length,100Mtrs.,,,,,,,,,,,,,1720787269-Product-multi core.PNG,8981948795-Polycab-6-Sq.,,18%,,,,,,,,,1,1-2 Days,
7487,Polycab 0.5 sq.mm x 7 Core Copper Flexible Multi Strand PVC Cable- 100Mtrs.,Polycab,Panel & Panel Accessories,Wires & Cables,Power Multi Core Cables,7 Core Copper Flexible Multi Strand PVC Cable,,,,10150,5278,Meter,( 1 Pack of 100 Mtrs ),1,Polycab 0.5 sq.mm x 7 Core Copper Flexible Multi Strand PVC Cable- 100Mtrs.,,,,,,Type of Core,7 Core,Nominal Area of Conductor,0.5 sq.mm,Current Carrying Capacity,(5 A),Voltage Rating,1100 Volts,Cable Length,100Mtrs.,,,,,,,,,,,,,1720787269-Product-multi core.PNG,6279133715-Polycab-0.5-s,,18%,,,,,,,,,1,1-2 Days,
7488,Polycab 0.75 Sq.mm x 7 Core Copper Flexible Multi Strand PVC Cable- 100Mtrs.,Polycab,Panel & Panel Accessories,Wires & Cables,Power Multi Core Cables,7 Core Copper Flexible Multi Strand PVC Cable,,,,14600,7592,Meter,( 1 Pack of 100 Mtrs ),1,Polycab 0.75 Sq.mm x 7 Core Copper Flexible Multi Strand PVC Cable- 100Mtrs.,,,,,,Type of Core,7 Core,Nominal Area of Conductor,0.75 Sq.mm,Current Carrying Capacity,(8 A),Voltage Rating,1100 Volts,Cable Length,100Mtrs.,,,,,,,,,,,,,1720787269-Product-multi core.PNG,3176174981-Polycab-0.75,,18%,,,,,,,,,1,1-2 Days,
7489,Polycab 1 Sq.mm x 7 Core Copper Flexible Multi Strand P PVC Cable- 100Mtrs.,Polycab,Panel & Panel Accessories,Wires & Cables,Power Multi Core Cables,7 Core Copper Flexible Multi Strand PVC Cable,,,,18600,9672,Meter,( 1 Pack of 100 Mtrs ),1,Polycab 1 Sq.mm x 7 Core Copper Flexible Multi Strand P PVC Cable- 100Mtrs.,,,,,,Type of Core,7 Core,Nominal Area of Conductor,1 Sq.mm,Current Carrying Capacity,(13 A),Voltage Rating,1100 Volts,Cable Length,100Mtrs.,,,,,,,,,,,,,1720787269-Product-multi core.PNG,7357562144-Polycab-1-Sq.,,18%,,,,,,,,,1,1-2 Days,
7490,Polycab 1.5 Sq.mm x 7 Core Copper Flexible Multi Strand PVC Cable- 100Mtrs.,Polycab,Panel & Panel Accessories,Wires & Cables,Power Multi Core Cables,7 Core Copper Flexible Multi Strand PVC Cable,,,,26200,13624,Meter,( 1 Pack of 100 Mtrs ),1,Polycab 1.5 Sq.mm x 7 Core Copper Flexible Multi Strand PVC Cable- 100Mtrs.,,,,,,Type of Core,7 Core,Nominal Area of Conductor,1.5 Sq.mm,Current Carrying Capacity,(17 A),Voltage Rating,1100 Volts,Cable Length,100Mtrs.,,,,,,,,,,,,,1720787269-Product-multi core.PNG,9742811130-Polycab-1.5-S,,18%,,,,,,,,,1,1-2 Days,
7491,Polycab 2.5 Sq.mm x 7 Core Copper Flexible Multi Strand PVC Cable- 100Mtrs.,Polycab,Panel & Panel Accessories,Wires & Cables,Power Multi Core Cables,7 Core Copper Flexible Multi Strand PVC Cable,,,,42400,22048,Meter,( 1 Pack of 100 Mtrs ),1,Polycab 2.5 Sq.mm x 7 Core Copper Flexible Multi Strand PVC Cable- 100Mtrs.,,,,,,Type of Core,7 Core,Nominal Area of Conductor,2.5 Sq.mm,Current Carrying Capacity,(24 A),Voltage Rating,1100 Volts,Cable Length,100Mtrs.,,,,,,,,,,,,,1720787269-Product-multi core.PNG,8917689400-Polycab-2.5-S,,18%,,,,,,,,,1,1-2 Days,
7492,Polycab 4 Sq.mm x 7 Core Copper Flexible Multi Strand PVC Cable- 100Mtrs.,Polycab,Panel & Panel Accessories,Wires & Cables,Power Multi Core Cables,7 Core Copper Flexible Multi Strand PVC Cable,,,,70300,36556,Meter,( 1 Pack of 100 Mtrs ),1,Polycab 4 Sq.mm x 7 Core Copper Flexible Multi Strand PVC Cable- 100Mtrs.,,,,,,Type of Core,7 Core,Nominal Area of Conductor,4 Sq.mm,Current Carrying Capacity,(30 A),Voltage Rating,1100 Volts,Cable Length,100Mtrs.,,,,,,,,,,,,,1720787269-Product-multi core.PNG,8161609622-Polycab-4-Sq.,,18%,,,,,,,,,1,1-2 Days,
7493,Polycab 0.5 sq.mm x 8 Core Copper Flexible Multi Strand PVC Cable- 100Mtrs.,Polycab,Panel & Panel Accessories,Wires & Cables,Power Multi Core Cables,8 Core Copper Flexible Multi Strand PVC Cable,,,,12200,6344,Meter,( 1 Pack of 100 Mtrs ),1,Polycab 0.5 sq.mm x 8 Core Copper Flexible Multi Strand PVC Cable- 100Mtrs.,,,,,,Type of Core,8 Core,Nominal Area of Conductor,0.5 sq.mm,Current Carrying Capacity,(5 A),Voltage Rating,1100 Volts,Cable Length,100Mtrs.,,,,,,,,,,,,,1720787269-Product-multi core.PNG,2520528792-Polycab-0.5-s,,18%,,,,,,,,,1,1-2 Days,
7494,Polycab 0.75 Sq.mm x 8 Core Copper Flexible Multi Strand PVC Cable- 100Mtrs.,Polycab,Panel & Panel Accessories,Wires & Cables,Power Multi Core Cables,8 Core Copper Flexible Multi Strand PVC Cable,,,,17200,8944,Meter,( 1 Pack of 100 Mtrs ),1,Polycab 0.75 Sq.mm x 8 Core Copper Flexible Multi Strand PVC Cable- 100Mtrs.,,,,,,Type of Core,8 Core,Nominal Area of Conductor,0.75 Sq.mm,Current Carrying Capacity,(8 A),Voltage Rating,1100 Volts,Cable Length,100Mtrs.,,,,,,,,,,,,,1720787269-Product-multi core.PNG,5909349707-Polycab-0.75,,18%,,,,,,,,,1,1-2 Days,
7495,Polycab 1 Sq.mm x 8 Core Copper Flexible Multi Strand PVC Cable- 100Mtrs.,Polycab,Panel & Panel Accessories,Wires & Cables,Power Multi Core Cables,8 Core Copper Flexible Multi Strand PVC Cable,,,,22000,11440,Meter,( 1 Pack of 100 Mtrs ),1,Polycab 1 Sq.mm x 8 Core Copper Flexible Multi Strand PVC Cable- 100Mtrs.,,,,,,Type of Core,8 Core,Nominal Area of Conductor,1 Sq.mm,Current Carrying Capacity,(13 A),Voltage Rating,1100 Volts,Cable Length,100Mtrs.,,,,,,,,,,,,,1720787269-Product-multi core.PNG,6896980087-Polycab-1-Sq.,,18%,,,,,,,,,1,1-2 Days,
7496,Polycab 1.5 Sq.mm x 8 Core Copper Flexible Multi Strand PVC Cable- 100Mtrs.,Polycab,Panel & Panel Accessories,Wires & Cables,Power Multi Core Cables,8 Core Copper Flexible Multi Strand PVC Cable,,,,30100,15652,Meter,( 1 Pack of 100 Mtrs ),1,Polycab 1.5 Sq.mm x 8 Core Copper Flexible Multi Strand PVC Cable- 100Mtrs.,,,,,,Type of Core,8 Core,Nominal Area of Conductor,1.5 Sq.mm,Current Carrying Capacity,(17 A),Voltage Rating,1100 Volts,Cable Length,100Mtrs.,,,,,,,,,,,,,1720787269-Product-multi core.PNG,5457098027-Polycab-1.5-S,,18%,,,,,,,,,1,1-2 Days,
7497,Polycab 2.5 Sq.mm x 8 Core Copper Flexible Multi Strand PVC Cable- 100Mtrs.,Polycab,Panel & Panel Accessories,Wires & Cables,Power Multi Core Cables,8 Core Copper Flexible Multi Strand PVC Cable,,,,50700,26364,Meter,( 1 Pack of 100 Mtrs ),1,Polycab 2.5 Sq.mm x 8 Core Copper Flexible Multi Strand PVC Cable- 100Mtrs.,,,,,,Type of Core,8 Core,Nominal Area of Conductor,2.5 Sq.mm,Current Carrying Capacity,(24 A),Voltage Rating,1100 Volts,Cable Length,100Mtrs.,,,,,,,,,,,,,1720787269-Product-multi core.PNG,8172859414-Polycab-2.5-S,,18%,,,,,,,,,1,1-2 Days,
7498,Polycab 0.5 sq.mm x 10 Core Copper Flexible Multi Strand PVC Cable- 100Mtrs.,Polycab,Panel & Panel Accessories,Wires & Cables,Power Multi Core Cables,10 Core Copper Flexible Multi Strand PVC Cable,,,,15100,7852,Meter,( 1 Pack of 100 Mtrs ),1,Polycab 0.5 sq.mm x 10 Core Copper Flexible Multi Strand PVC Cable- 100Mtrs.,,,,,,Type of Core,10 Core,Nominal Area of Conductor,0.5 sq.mm,Current Carrying Capacity,(5 A),Voltage Rating,1100 Volts,Cable Length,100Mtrs.,,,,,,,,,,,,,1720787269-Product-multi core.PNG,1915125062-Polycab-0.5-s,,18%,,,,,,,,,1,1-2 Days,
7499,Polycab 0.75 Sq.mm x 10 Core Copper Flexible Multi Strand PVC Cable- 100Mtrs.,Polycab,Panel & Panel Accessories,Wires & Cables,Power Multi Core Cables,10 Core Copper Flexible Multi Strand PVC Cable,,,,21300,11076,Meter,( 1 Pack of 100 Mtrs ),1,Polycab 0.75 Sq.mm x 10 Core Copper Flexible Multi Strand PVC Cable- 100Mtrs.,,,,,,Type of Core,10 Core,Nominal Area of Conductor,0.75 Sq.mm,Current Carrying Capacity,(8 A),Voltage Rating,1100 Volts,Cable Length,100Mtrs.,,,,,,,,,,,,,1720787269-Product-multi core.PNG,6460117427-Polycab-0.75,,18%,,,,,,,,,1,1-2 Days,
7500,Polycab 1 Sq.mm x 10 Core Copper Flexible Multi Strand PVC Cable- 100Mtrs.,Polycab,Panel & Panel Accessories,Wires & Cables,Power Multi Core Cables,10 Core Copper Flexible Multi Strand PVC Cable,,,,27200,14144,Meter,( 1 Pack of 100 Mtrs ),1,Polycab 1 Sq.mm x 10 Core Copper Flexible Multi Strand PVC Cable- 100Mtrs.,,,,,,Type of Core,10 Core,Nominal Area of Conductor,1 Sq.mm,Current Carrying Capacity,(13 A),Voltage Rating,1100 Volts,Cable Length,100Mtrs.,,,,,,,,,,,,,1720787269-Product-multi core.PNG,3117222349-Polycab-1-Sq.,,18%,,,,,,,,,1,1-2 Days,
7501,Polycab 1.5 Sq.mm x 10 Core Copper Flexible Multi Strand PVC Cable- 100Mtrs.,Polycab,Panel & Panel Accessories,Wires & Cables,Power Multi Core Cables,10 Core Copper Flexible Multi Strand PVC Cable,,,,38100,19812,Meter,( 1 Pack of 100 Mtrs ),1,Polycab 1.5 Sq.mm x 10 Core Copper Flexible Multi Strand PVC Cable- 100Mtrs.,,,,,,Type of Core,10 Core,Nominal Area of Conductor,1.5 Sq.mm,Current Carrying Capacity,(17 A),Voltage Rating,1100 Volts,Cable Length,100Mtrs.,,,,,,,,,,,,,1720787269-Product-multi core.PNG,6388531938-Polycab-1.5-S,,18%,,,,,,,,,1,1-2 Days,
7502,Polycab 2.5 Sq.mm x 10 Core Copper Flexible Multi Strand PVC Cable- 100Mtrs.,Polycab,Panel & Panel Accessories,Wires & Cables,Power Multi Core Cables,10 Core Copper Flexible Multi Strand PVC Cable,,,,62500,32500,Meter,( 1 Pack of 100 Mtrs ),1,Polycab 2.5 Sq.mm x 10 Core Copper Flexible Multi Strand PVC Cable- 100Mtrs.,,,,,,Type of Core,10 Core,Nominal Area of Conductor,2.5 Sq.mm,Current Carrying Capacity,(24 A),Voltage Rating,1100 Volts,Cable Length,100Mtrs.,,,,,,,,,,,,,1720787269-Product-multi core.PNG,9494970722-Polycab-2.5-S,,18%,,,,,,,,,1,1-2 Days,
7503,Polycab 0.5 sq.mm x 12 Core Copper Flexible Multi Strand PVC Cable- 100Mtrs.,Polycab,Panel & Panel Accessories,Wires & Cables,Power Multi Core Cables,12 Core Copper Flexible Multi Strand PVC Cable,,,,17600,9152,Meter,( 1 Pack of 100 Mtrs ),1,Polycab 0.5 sq.mm x 12 Core Copper Flexible Multi Strand PVC Cable- 100Mtrs.,,,,,,Type of Core,12 Core,Nominal Area of Conductor,0.5 sq.mm,Current Carrying Capacity,(5 A),Voltage Rating,1100 Volts,Cable Length,100Mtrs.,,,,,,,,,,,,,1720787269-Product-multi core.PNG,3314528818-Polycab-0.5-s,,18%,,,,,,,,,1,1-2 Days,
7504,Polycab 0.75 Sq.mm x 12 Core Copper Flexible Multi Strand PVC Cable- 100Mtrs.,Polycab,Panel & Panel Accessories,Wires & Cables,Power Multi Core Cables,12 Core Copper Flexible Multi Strand PVC Cable,,,,25000,13000,Meter,( 1 Pack of 100 Mtrs ),1,Polycab 0.75 Sq.mm x 12 Core Copper Flexible Multi Strand PVC Cable- 100Mtrs.,,,,,,Type of Core,12 Core,Nominal Area of Conductor,0.75 Sq.mm,Current Carrying Capacity,(8 A),Voltage Rating,1100 Volts,Cable Length,100Mtrs.,,,,,,,,,,,,,1720787269-Product-multi core.PNG,6660909475-Polycab-0.75,,18%,,,,,,,,,1,1-2 Days,
7505,Polycab 1 Sq.mm x 12 Core Copper Flexible Multi Strand PVC Cable- 100Mtrs.,Polycab,Panel & Panel Accessories,Wires & Cables,Power Multi Core Cables,12 Core Copper Flexible Multi Strand PVC Cable,,,,32100,16692,Meter,( 1 Pack of 100 Mtrs ),1,Polycab 1 Sq.mm x 12 Core Copper Flexible Multi Strand PVC Cable- 100Mtrs.,,,,,,Type of Core,12 Core,Nominal Area of Conductor,1 Sq.mm,Current Carrying Capacity,(13 A),Voltage Rating,1100 Volts,Cable Length,100Mtrs.,,,,,,,,,,,,,1720787269-Product-multi core.PNG,3416249662-Polycab-1-Sq.,,18%,,,,,,,,,1,1-2 Days,
7506,Polycab 1.5 Sq.mm x 12 Core Copper Flexible Multi Strand PVC Cable- 100Mtrs.,Polycab,Panel & Panel Accessories,Wires & Cables,Power Multi Core Cables,12 Core Copper Flexible Multi Strand PVC Cable,,,,45000,23400,Meter,( 1 Pack of 100 Mtrs ),1,Polycab 1.5 Sq.mm x 12 Core Copper Flexible Multi Strand PVC Cable- 100Mtrs.,,,,,,Type of Core,12 Core,Nominal Area of Conductor,1.5 Sq.mm,Current Carrying Capacity,(17 A),Voltage Rating,1100 Volts,Cable Length,100Mtrs.,,,,,,,,,,,,,1720787269-Product-multi core.PNG,5443782853-Polycab-1.5-S,,18%,,,,,,,,,1,1-2 Days,
7507,Polycab 2.5 Sq.mm x 12 Core Copper Flexible Multi Strand PVC Cable- 100Mtrs.,Polycab,Panel & Panel Accessories,Wires & Cables,Power Multi Core Cables,12 Core Copper Flexible Multi Strand PVC Cable,,,,75200,39104,Meter,( 1 Pack of 100 Mtrs ),1,Polycab 2.5 Sq.mm x 12 Core Copper Flexible Multi Strand PVC Cable- 100Mtrs.,,,,,,Type of Core,12 Core,Nominal Area of Conductor,2.5 Sq.mm,Current Carrying Capacity,(24 A),Voltage Rating,1100 Volts,Cable Length,100Mtrs.,,,,,,,,,,,,,1720787269-Product-multi core.PNG,3802908380-Polycab-2.5-S,,18%,,,,,,,,,1,1-2 Days,
7508,Polycab 0.5 sq.mm x 14 Core Copper Flexible Multi Strand PVC Cable- 100Mtrs.,Polycab,Panel & Panel Accessories,Wires & Cables,Power Multi Core Cables,14 Core Copper Flexible Multi Strand PVC Cable,,,,20300,10556,Meter,( 1 Pack of 100 Mtrs ),1,Polycab 0.5 sq.mm x 14 Core Copper Flexible Multi Strand PVC Cable- 100Mtrs.,,,,,,Type of Core,14 Core,Nominal Area of Conductor,0.5 sq.mm,Current Carrying Capacity,(5 A),Voltage Rating,1100 Volts,Cable Length,100Mtrs.,,,,,,,,,,,,,1720787269-Product-multi core.PNG,3682894664-Polycab-0.5-s,,18%,,,,,,,,,1,1-2 Days,
7509,Polycab 0.75 Sq.mm x 14 Core Copper Flexible Multi Strand PVC Cable- 100Mtrs.,Polycab,Panel & Panel Accessories,Wires & Cables,Power Multi Core Cables,14 Core Copper Flexible Multi Strand PVC Cable,,,,29100,15132,Meter,( 1 Pack of 100 Mtrs ),1,Polycab 0.75 Sq.mm x 14 Core Copper Flexible Multi Strand PVC Cable- 100Mtrs.,,,,,,Type of Core,14 Core,Nominal Area of Conductor,0.75 Sq.mm,Current Carrying Capacity,(8 A),Voltage Rating,1100 Volts,Cable Length,100Mtrs.,,,,,,,,,,,,,1720787269-Product-multi core.PNG,4466016455-Polycab-0.75,,18%,,,,,,,,,1,1-2 Days,
7510,Polycab 1 Sq.mm x 14 Core Copper Flexible Multi Strand PVC Cable- 100Mtrs.,Polycab,Panel & Panel Accessories,Wires & Cables,Power Multi Core Cables,14 Core Copper Flexible Multi Strand PVC Cable,,,,37700,19604,Meter,( 1 Pack of 100 Mtrs ),1,Polycab 1 Sq.mm x 14 Core Copper Flexible Multi Strand PVC Cable- 100Mtrs.,,,,,,Type of Core,14 Core,Nominal Area of Conductor,1 Sq.mm,Current Carrying Capacity,(13 A),Voltage Rating,1100 Volts,Cable Length,100Mtrs.,,,,,,,,,,,,,1720787269-Product-multi core.PNG,7733265074-Polycab-1-Sq.,,18%,,,,,,,,,1,1-2 Days,
7511,Polycab 1.5 Sq.mm x 14 Core Copper Flexible Multi Strand PVC Cable- 100Mtrs.,Polycab,Panel & Panel Accessories,Wires & Cables,Power Multi Core Cables,14 Core Copper Flexible Multi Strand PVC Cable,,,,53300,27716,Meter,( 1 Pack of 100 Mtrs ),1,Polycab 1.5 Sq.mm x 14 Core Copper Flexible Multi Strand PVC Cable- 100Mtrs.,,,,,,Type of Core,14 Core,Nominal Area of Conductor,1.5 Sq.mm,Current Carrying Capacity,(17 A),Voltage Rating,1100 Volts,Cable Length,100Mtrs.,,,,,,,,,,,,,1720787269-Product-multi core.PNG,2709574238-Polycab-1.5-S,,18%,,,,,,,,,1,1-2 Days,
7512,Polycab 2.5 Sq.mm x 14 Core Copper Flexible Multi Strand PVC Cable- 100Mtrs.,Polycab,Panel & Panel Accessories,Wires & Cables,Power Multi Core Cables,14 Core Copper Flexible Multi Strand PVC Cable,,,,86800,45136,Meter,( 1 Pack of 100 Mtrs ),1,Polycab 2.5 Sq.mm x 14 Core Copper Flexible Multi Strand PVC Cable- 100Mtrs.,,,,,,Type of Core,14 Core,Nominal Area of Conductor,2.5 Sq.mm,Current Carrying Capacity,(24 A),Voltage Rating,1100 Volts,Cable Length,100Mtrs.,,,,,,,,,,,,,1720787269-Product-multi core.PNG,8419443741-Polycab-2.5-S,,18%,,,,,,,,,1,1-2 Days,
7513,Polycab 0.5 sq.mm x 16 Core Copper Flexible Multi Strand PVC Cable- 100Mtrs.,Polycab,Panel & Panel Accessories,Wires & Cables,Power Multi Core Cables,16 Core Copper Flexible Multi Strand PVC Cable,,,,23100,12012,Meter,( 1 Pack of 100 Mtrs ),1,Polycab 0.5 sq.mm x 16 Core Copper Flexible Multi Strand PVC Cable- 100Mtrs.,,,,,,Type of Core,16 Core,Nominal Area of Conductor,0.5 sq.mm,Current Carrying Capacity,(5 A),Voltage Rating,1100 Volts,Cable Length,100Mtrs.,,,,,,,,,,,,,,8008391957-Polycab-0.5-s,,,,,,,,,,,1,1-2 Days,
7514,Polycab 0.75 Sq.mm x 16 Core Copper Flexible Multi Strand PVC Cable- 100Mtrs.,Polycab,Panel & Panel Accessories,Wires & Cables,Power Multi Core Cables,16 Core Copper Flexible Multi Strand PVC Cable,,,,33200,17264,Meter,( 1 Pack of 100 Mtrs ),1,Polycab 0.75 Sq.mm x 16 Core Copper Flexible Multi Strand PVC Cable- 100Mtrs.,,,,,,Type of Core,16 Core,Nominal Area of Conductor,0.75 Sq.mm,Current Carrying Capacity,(8 A),Voltage Rating,1100 Volts,Cable Length,100Mtrs.,,,,,,,,,,,,,,5600687291-Polycab-0.75,,,,,,,,,,,1,1-2 Days,
7515,Polycab 1 Sq.mm x 16 Core Copper Flexible Multi Strand PVC Cable- 100Mtrs.,Polycab,Panel & Panel Accessories,Wires & Cables,Power Multi Core Cables,16 Core Copper Flexible Multi Strand PVC Cable,,,,42800,22256,Meter,( 1 Pack of 100 Mtrs ),1,Polycab 1 Sq.mm x 16 Core Copper Flexible Multi Strand PVC Cable- 100Mtrs.,,,,,,Type of Core,16 Core,Nominal Area of Conductor,1 Sq.mm,Current Carrying Capacity,(13 A),Voltage Rating,1100 Volts,Cable Length,100Mtrs.,,,,,,,,,,,,,,1399925895-Polycab-1-Sq.,,,,,,,,,,,1,1-2 Days,
7516,Polycab 1.5 Sq.mm x 16 Core Copper Flexible Multi Strand PVC Cable- 100Mtrs.,Polycab,Panel & Panel Accessories,Wires & Cables,Power Multi Core Cables,16 Core Copper Flexible Multi Strand PVC Cable,,,,61600,32032,Meter,( 1 Pack of 100 Mtrs ),1,Polycab 1.5 Sq.mm x 16 Core Copper Flexible Multi Strand PVC Cable- 100Mtrs.,,,,,,Type of Core,16 Core,Nominal Area of Conductor,1.5 Sq.mm,Current Carrying Capacity,(17 A),Voltage Rating,1100 Volts,Cable Length,100Mtrs.,,,,,,,,,,,,,,5955233523-Polycab-1.5-S,,,,,,,,,,,1,1-2 Days,
7517,Polycab 2.5 Sq.mm x 16 Core Copper Flexible Multi Strand PVC Cable- 100Mtrs.,Polycab,Panel & Panel Accessories,Wires & Cables,Power Multi Core Cables,16 Core Copper Flexible Multi Strand PVC Cable,,,,99300,51636,Meter,( 1 Pack of 100 Mtrs ),1,Polycab 2.5 Sq.mm x 16 Core Copper Flexible Multi Strand PVC Cable- 100Mtrs.,,,,,,Type of Core,16 Core,Nominal Area of Conductor,2.5 Sq.mm,Current Carrying Capacity,(24 A),Voltage Rating,1100 Volts,Cable Length,100Mtrs.,,,,,,,,,,,,,,6966630671-Polycab-2.5-S,,,,,,,,,,,1,1-2 Days,
7518,Polycab 0.5 sq.mm x 19 Core Copper Flexible Multi Strand PVC Cable- 100Mtrs.,Polycab,Panel & Panel Accessories,Wires & Cables,Power Multi Core Cables,19 Core Copper Flexible Multi Strand PVC Cable,,,,26900,13988,Meter,( 1 Pack of 100 Mtrs ),1,Polycab 0.5 sq.mm x 19 Core Copper Flexible Multi Strand PVC Cable- 100Mtrs.,,,,,,Type of Core,19 Core,Nominal Area of Conductor,0.5 sq.mm,Current Carrying Capacity,(5 A),Voltage Rating,1100 Volts,Cable Length,100Mtrs.,,,,,,,,,,,,,,1434286199-Polycab-0.5-s,,,,,,,,,,,1,1-2 Days,
7519,Polycab 0.75 Sq.mm x 19 Core Copper Flexible Multi Strand PVC Cable- 100Mtrs.,Polycab,Panel & Panel Accessories,Wires & Cables,Power Multi Core Cables,19 Core Copper Flexible Multi Strand PVC Cable,,,,38900,20228,Meter,( 1 Pack of 100 Mtrs ),1,Polycab 0.75 Sq.mm x 19 Core Copper Flexible Multi Strand PVC Cable- 100Mtrs.,,,,,,Type of Core,19 Core,Nominal Area of Conductor,0.75 Sq.mm,Current Carrying Capacity,(8 A),Voltage Rating,1100 Volts,Cable Length,100Mtrs.,,,,,,,,,,,,,,9691265551-Polycab-0.75,,,,,,,,,,,1,1-2 Days,
7520,Polycab 1 Sq.mm x 19 Core Copper Flexible Multi Strand PVC Cable- 100Mtrs.,Polycab,Panel & Panel Accessories,Wires & Cables,Power Multi Core Cables,19 Core Copper Flexible Multi Strand PVC Cable,,,,50200,26104,Meter,( 1 Pack of 100 Mtrs ),1,Polycab 1 Sq.mm x 19 Core Copper Flexible Multi Strand PVC Cable- 100Mtrs.,,,,,,Type of Core,19 Core,Nominal Area of Conductor,1 Sq.mm,Current Carrying Capacity,(13 A),Voltage Rating,1100 Volts,Cable Length,100Mtrs.,,,,,,,,,,,,,,1675071233-Polycab-1-Sq.,,,,,,,,,,,1,1-2 Days,
7521,Polycab 1.5 Sq.mm x 19 Core Copper Flexible Multi Strand PVC Cable- 100Mtrs.,Polycab,Panel & Panel Accessories,Wires & Cables,Power Multi Core Cables,19 Core Copper Flexible Multi Strand PVC Cable,,,,71200,37024,Meter,( 1 Pack of 100 Mtrs ),1,Polycab 1.5 Sq.mm x 19 Core Copper Flexible Multi Strand PVC Cable- 100Mtrs.,,,,,,Type of Core,19 Core,Nominal Area of Conductor,1.5 Sq.mm,Current Carrying Capacity,(17 A),Voltage Rating,1100 Volts,Cable Length,100Mtrs.,,,,,,,,,,,,,,7662380741-Polycab-1.5-S,,,,,,,,,,,1,1-2 Days,
7522,Polycab 2.5 Sq.mm x 19 Core Copper Flexible Multi Strand PVC Cable- 100Mtrs.,Polycab,Panel & Panel Accessories,Wires & Cables,Power Multi Core Cables,19 Core Copper Flexible Multi Strand PVC Cable,,,,115200,59904,Meter,( 1 Pack of 100 Mtrs ),1,Polycab 2.5 Sq.mm x 19 Core Copper Flexible Multi Strand PVC Cable- 100Mtrs.,,,,,,Type of Core,19 Core,Nominal Area of Conductor,2.5 Sq.mm,Current Carrying Capacity,(24 A),Voltage Rating,1100 Volts,Cable Length,100Mtrs.,,,,,,,,,,,,,,6621675979-Polycab-2.5-S,,,,,,,,,,,1,1-2 Days,
7523,Polycab 0.5 sq.mm x 24 Core Copper Flexible Multi Strand PVC Cable- 100Mtrs.,Polycab,Panel & Panel Accessories,Wires & Cables,Power Multi Core Cables,24 Core Copper Flexible Multi Strand PVC Cable,,,,33900,17628,Meter,( 1 Pack of 100 Mtrs ),1,Polycab 0.5 sq.mm x 24 Core Copper Flexible Multi Strand PVC Cable- 100Mtrs.,,,,,,Type of Core,24 Core,Nominal Area of Conductor,0.5 sq.mm,Current Carrying Capacity,(5 A),Voltage Rating,1100 Volts,Cable Length,100Mtrs.,,,,,,,,,,,,,,3041870762-Polycab-0.5-s,,,,,,,,,,,1,1-2 Days,
7524,Polycab 0.75 Sq.mm x 24 Core Copper Flexible Multi Strand PVC Cable- 100Mtrs.,Polycab,Panel & Panel Accessories,Wires & Cables,Power Multi Core Cables,24 Core Copper Flexible Multi Strand PVC Cable,,,,48600,25272,Meter,( 1 Pack of 100 Mtrs ),1,Polycab 0.75 Sq.mm x 24 Core Copper Flexible Multi Strand PVC Cable- 100Mtrs.,,,,,,Type of Core,24 Core,Nominal Area of Conductor,0.75 Sq.mm,Current Carrying Capacity,(8 A),Voltage Rating,1100 Volts,Cable Length,100Mtrs.,,,,,,,,,,,,,,8092970943-Polycab-0.75,,,,,,,,,,,1,1-2 Days,
7525,Polycab 1 Sq.mm x 24 Core Copper Flexible Multi Strand PVC Cable- 100Mtrs.,Polycab,Panel & Panel Accessories,Wires & Cables,Power Multi Core Cables,24 Core Copper Flexible Multi Strand PVC Cable,,,,63100,32812,Meter,( 1 Pack of 100 Mtrs ),1,Polycab 1 Sq.mm x 24 Core Copper Flexible Multi Strand PVC Cable- 100Mtrs.,,,,,,Type of Core,24 Core,Nominal Area of Conductor,1 Sq.mm,Current Carrying Capacity,(13 A),Voltage Rating,1100 Volts,Cable Length,100Mtrs.,,,,,,,,,,,,,,7169088484-Polycab-1-Sq.,,,,,,,,,,,1,1-2 Days,
7526,Polycab 1.5 Sq.mm x 24 Core Copper Flexible Multi Strand PVC Cable- 100Mtrs.,Polycab,Panel & Panel Accessories,Wires & Cables,Power Multi Core Cables,24 Core Copper Flexible Multi Strand PVC Cable,,,,91000,47320,Meter,( 1 Pack of 100 Mtrs ),1,Polycab 1.5 Sq.mm x 24 Core Copper Flexible Multi Strand PVC Cable- 100Mtrs.,,,,,,Type of Core,24 Core,Nominal Area of Conductor,1.5 Sq.mm,Current Carrying Capacity,(17 A),Voltage Rating,1100 Volts,Cable Length,100Mtrs.,,,,,,,,,,,,,,8629930719-Polycab-1.5-S,,,,,,,,,,,1,1-2 Days,
7527,Polycab 2.5 Sq.mm x 24 Core Copper Flexible Multi Strand PVC Cable- 100Mtrs.,Polycab,Panel & Panel Accessories,Wires & Cables,Power Multi Core Cables,24 Core Copper Flexible Multi Strand PVC Cable,,,,148900,77428,Meter,( 1 Pack of 100 Mtrs ),1,Polycab 2.5 Sq.mm x 24 Core Copper Flexible Multi Strand PVC Cable- 100Mtrs.,,,,,,Type of Core,24 Core,Nominal Area of Conductor,2.5 Sq.mm,Current Carrying Capacity,(24 A),Voltage Rating,1100 Volts,Cable Length,100Mtrs.,,,,,,,,,,,,,,4579913664-Polycab-2.5-S,,,,,,,,,,,1,1-2 Days,