Cable Glands,Double Compersion Armoured Glands,Double Compression Armoured Weather Proof Brass Cable Glands
Cable Glands,Double Compersion Armoured Glands,Double Compression Armoured Weather Proof Brass Cable Glands
Cable Glands,Double Compersion Armoured Glands,Double Compression Armoured Weather Proof Brass Cable Glands
Cable Glands,Double Compersion Armoured Glands,Double Compression Armoured Weather Proof Brass Cable Glands
Cable Glands,Double Compersion Armoured Glands,Double Compression Armoured Weather Proof Brass Cable Glands
Cable Glands,Double Compersion Armoured Glands,Double Compression Armoured Weather Proof Brass Cable Glands
Cable Glands,Double Compersion Armoured Glands,Double Compression Armoured Weather Proof Brass Cable Glands
Cable Glands,Double Compersion Armoured Glands,Double Compression Armoured Weather Proof Brass Cable Glands
Cable Glands,Double Compersion Armoured Glands,Double Compression Armoured Weather Proof Brass Cable Glands
Cable Glands,Double Compersion Armoured Glands,Double Compression Armoured Weather Proof Brass Cable Glands
Cable Glands,Double Compersion Armoured Glands,Double Compression Armoured Weather Proof Brass Cable Glands
Cable Glands,Double Compersion Armoured Glands,Double Compression Armoured Weather Proof Brass Cable Glands
Cable Glands,Double Compersion Armoured Glands,Double Compression Armoured Weather Proof Brass Cable Glands
Cable Glands,Double Compersion Armoured Glands,Double Compression Armoured Weather Proof Brass Cable Glands
Cable Glands,Double Compersion Armoured Glands,Double Compression Armoured Weather Proof Brass Cable Glands
Cable Glands,Double Compersion Armoured Glands,Double Compression Armoured Weather Proof Brass Cable Glands
Cable Glands,Double Compersion Armoured Glands,Double Compression Armoured Weather Proof Brass Cable Glands
Cable Glands,Double Compersion Armoured Glands,Double Compression Armoured Weather Proof Brass Cable Glands
Cable Glands,Double Compersion Armoured Glands,Double Compression Armoured Weather Proof Brass Cable Glands
Cable Glands,Double Compersion Armoured Glands,Double Compression Armoured Weather Proof Brass Cable Glands
Cable Glands,Double Compersion Armoured Glands,Double Compression Armoured Weather Proof Brass Cable Glands
Cable Glands,Double Compersion Armoured Glands,Double Compression Armoured Weather Proof Brass Cable Glands
Cable Glands,Double Compersion Armoured Glands,Double Compression Armoured Weather Proof Brass Cable Glands
Cable Glands,Double Compersion Armoured Glands,Double Compression Armoured Weather Proof Brass Cable Glands
Cable Glands,Double Compersion Armoured Glands,Double Compression Armoured Weather Proof Brass Cable Glands
Cable Glands,Double Compersion Armoured Glands,Double Compression Armoured Weather Proof Brass Cable Glands
Cable Glands,Double Compersion Armoured Glands,Double Compression Armoured Flame Proof Brass Cable Glands
Cable Glands,Double Compersion Armoured Glands,Double Compression Armoured Flame Proof Brass Cable Glands
Cable Glands,Double Compersion Armoured Glands,Double Compression Armoured Flame Proof Brass Cable Glands
Cable Glands,Double Compersion Armoured Glands,Double Compression Armoured Flame Proof Brass Cable Glands
Cable Glands,Double Compersion Armoured Glands,Double Compression Armoured Flame Proof Brass Cable Glands
Cable Glands,Double Compersion Armoured Glands,Double Compression Armoured Flame Proof Brass Cable Glands
Cable Glands,Double Compersion Armoured Glands,Double Compression Armoured Flame Proof Brass Cable Glands
Cable Glands,Double Compersion Armoured Glands,Double Compression Armoured Flame Proof Brass Cable Glands
Cable Glands,Double Compersion Armoured Glands,Double Compression Armoured Flame Proof Brass Cable Glands
Cable Glands,Double Compersion Armoured Glands,Double Compression Armoured Flame Proof Brass Cable Glands
Cable Glands,Double Compersion Armoured Glands,Double Compression Armoured Flame Proof Brass Cable Glands
Cable Glands,Double Compersion Armoured Glands,Double Compression Armoured Flame Proof Brass Cable Glands
Cable Glands,Double Compersion Armoured Glands,Double Compression Armoured Flame Proof Brass Cable Glands
Cable Glands,Double Compersion Armoured Glands,Double Compression Armoured Flame Proof Brass Cable Glands
Cable Glands,Double Compersion Armoured Glands,Double Compression Armoured Flame Proof Brass Cable Glands
Cable Glands,Double Compersion Armoured Glands,Double Compression Armoured Flame Proof Brass Cable Glands
Cable Glands,Double Compersion Armoured Glands,Double Compression Armoured Flame Proof Brass Cable Glands
Cable Glands,Double Compersion Armoured Glands,Double Compression Armoured Flame Proof Brass Cable Glands
Cable Glands,Double Compersion Armoured Glands,Double Compression Armoured Flame Proof Brass Cable Glands
Cable Glands,Double Compersion Armoured Glands,Double Compression Armoured Flame Proof Brass Cable Glands
Cable Glands,Double Compersion Armoured Glands,Double Compression Armoured Flame Proof Brass Cable Glands
Cable Glands,Double Compersion Armoured Glands,Double Compression Armoured Flame Proof Brass Cable Glands
Cable Glands,Double Compersion Armoured Glands,Double Compression Armoured Flame Proof Brass Cable Glands
Cable Glands,Double Compersion Armoured Glands,Double Compression Armoured Flame Proof Brass Cable Glands
Cable Glands,Double Compersion Armoured Glands,Double Compression Armoured Flame Proof Brass Cable Glands
Cable Glands,Double Compersion Armoured Glands,Double Compression Armoured Flame Proof Brass Cable Glands
Cable Glands,Medium Duty Armoured Brass Cable Glands,DC Type Medium Duty Armoured Brass Cable Glands
Cable Glands,Medium Duty Armoured Brass Cable Glands,DC Type Medium Duty Armoured Brass Cable Glands
Cable Glands,Medium Duty Armoured Brass Cable Glands,DC Type Medium Duty Armoured Brass Cable Glands
Cable Glands,Medium Duty Armoured Brass Cable Glands,DC Type Medium Duty Armoured Brass Cable Glands
Cable Glands,Medium Duty Armoured Brass Cable Glands,DC Type Medium Duty Armoured Brass Cable Glands
Cable Glands,Medium Duty Armoured Brass Cable Glands,DC Type Medium Duty Armoured Brass Cable Glands
Cable Glands,Medium Duty Armoured Brass Cable Glands,DC Type Medium Duty Armoured Brass Cable Glands
Cable Glands,Medium Duty Armoured Brass Cable Glands,DC Type Medium Duty Armoured Brass Cable Glands
Cable Glands,Medium Duty Armoured Brass Cable Glands,DC Type Medium Duty Armoured Brass Cable Glands
Cable Glands,Medium Duty Armoured Brass Cable Glands,DC Type Medium Duty Armoured Brass Cable Glands
Cable Glands,Medium Duty Armoured Brass Cable Glands,DC Type Medium Duty Armoured Brass Cable Glands
Cable Glands,Medium Duty Armoured Brass Cable Glands,DC Type Medium Duty Armoured Brass Cable Glands
Cable Glands,Medium Duty Armoured Brass Cable Glands,DC Type Medium Duty Armoured Brass Cable Glands
Cable Glands,Medium Duty Armoured Brass Cable Glands,DC Type Medium Duty Armoured Brass Cable Glands
Cable Glands,Medium Duty Armoured Brass Cable Glands,DC Type Medium Duty Armoured Brass Cable Glands
Cable Glands,Medium Duty Armoured Brass Cable Glands,DC Type Medium Duty Armoured Brass Cable Glands
Cable Glands,Medium Duty Armoured Brass Cable Glands,DC Type Medium Duty Armoured Brass Cable Glands
Cable Glands,Medium Duty Armoured Brass Cable Glands,DC Type Medium Duty Armoured Brass Cable Glands
Cable Glands,Medium Duty Armoured Brass Cable Glands,DC Type Medium Duty Armoured Brass Cable Glands
Cable Glands,Medium Duty Armoured Brass Cable Glands,DC Type Medium Duty Armoured Brass Cable Glands
Cable Glands,Medium Duty Armoured Brass Cable Glands,DC Type Medium Duty Armoured Brass Cable Glands
Cable Glands,Medium Duty Armoured Brass Cable Glands,DC Type Medium Duty Armoured Brass Cable Glands
Cable Glands,Medium Duty Armoured Brass Cable Glands,DC Type Medium Duty Armoured Brass Cable Glands
Cable Glands,Medium Duty Armoured Brass Cable Glands,DC Type Medium Duty Armoured Brass Cable Glands
Cable Glands,Medium Duty Armoured Brass Cable Glands,DC Type Medium Duty Armoured Brass Cable Glands
Cable Glands,Medium Duty Armoured Brass Cable Glands,DC Type Medium Duty Armoured Brass Cable Glands
Cable Glands,Medium Duty Armoured Brass Cable Glands,DC Type Medium Duty Armoured Brass Cable Glands
Cable Glands,Medium Duty Armoured Brass Cable Glands,DC Type Medium Duty Armoured Brass Cable Glands
Cable Glands,Medium Duty Armoured Brass Cable Glands,DC Type Medium Duty Armoured Brass Cable Glands
Cable Glands,Medium Duty Armoured Brass Cable Glands,DC Type Medium Duty Armoured Brass Cable Glands
Cable Glands,Medium Duty Armoured Brass Cable Glands,DC Type Medium Duty Armoured Brass Cable Glands
Cable Glands,Medium Duty Armoured Brass Cable Glands,DC Type Medium Duty Armoured Brass Cable Glands
Cable Glands,Medium Duty Armoured Brass Cable Glands,DC Type Medium Duty Armoured Brass Cable Glands
Cable Glands,Medium Duty Armoured Brass Cable Glands,DC Type Medium Duty Armoured Brass Cable Glands
Cable Glands,Medium Duty Armoured Brass Cable Glands,DC Type Medium Duty Armoured Brass Cable Glands
Cable Glands,Medium Duty Armoured Brass Cable Glands,DC Type Medium Duty Armoured Brass Cable Glands
Cable Glands,Medium Duty Armoured Brass Cable Glands,DC Type Medium Duty Armoured Brass Cable Glands
Cable Glands,Medium Duty Armoured Brass Cable Glands,DC Type Medium Duty Armoured Brass Cable Glands
Cable Glands,Double Compersion Un- Armoured Glands,Double Compersion Un- Armoured Brass Cable Glands
Cable Glands,Double Compersion Un- Armoured Glands,Double Compersion Un- Armoured Brass Cable Glands
Cable Glands,Double Compersion Un- Armoured Glands,Double Compersion Un- Armoured Brass Cable Glands
Cable Glands,Double Compersion Un- Armoured Glands,Double Compersion Un- Armoured Brass Cable Glands
Cable Glands,Double Compersion Un- Armoured Glands,Double Compersion Un- Armoured Brass Cable Glands
Cable Glands,Double Compersion Un- Armoured Glands,Double Compersion Un- Armoured Brass Cable Glands
Cable Glands,Double Compersion Un- Armoured Glands,Double Compersion Un- Armoured Brass Cable Glands
Cable Glands,Double Compersion Un- Armoured Glands,Double Compersion Un- Armoured Brass Cable Glands
Cable Glands,Double Compersion Un- Armoured Glands,Double Compersion Un- Armoured Brass Cable Glands
Cable Glands,Double Compersion Un- Armoured Glands,Double Compersion Un- Armoured Brass Cable Glands
Cable Glands,Double Compersion Un- Armoured Glands,Double Compersion Un- Armoured Brass Cable Glands
Cable Glands,Double Compersion Un- Armoured Glands,Double Compersion Un- Armoured Brass Cable Glands
Cable Glands,Double Compersion Un- Armoured Glands,Double Compersion Un- Armoured Brass Cable Glands
Cable Glands,Double Compersion Un- Armoured Glands,Double Compersion Un- Armoured Brass Cable Glands
Cable Glands,Double Compersion Un- Armoured Glands,Double Compersion Un- Armoured Brass Cable Glands
Cable Glands,Double Compersion Un- Armoured Glands,Double Compersion Un- Armoured Brass Cable Glands
Cable Glands,Double Compersion Un- Armoured Glands,Double Compersion Un- Armoured Brass Cable Glands
Cable Glands,Single Compression & SIBG Brass Cable Glands,Single Compression Cable Glands
Cable Glands,Single Compression & SIBG Brass Cable Glands,Single Compression Cable Glands
Cable Glands,Single Compression & SIBG Brass Cable Glands,Single Compression Cable Glands
Cable Glands,Single Compression & SIBG Brass Cable Glands,Single Compression Cable Glands
Cable Glands,Single Compression & SIBG Brass Cable Glands,Single Compression Cable Glands
Cable Glands,Single Compression & SIBG Brass Cable Glands,Single Compression Cable Glands
Cable Glands,Single Compression & SIBG Brass Cable Glands,Single Compression Cable Glands
Cable Glands,Single Compression & SIBG Brass Cable Glands,Single Compression Cable Glands
Cable Glands,Single Compression & SIBG Brass Cable Glands,Single Compression Cable Glands
Cable Glands,Single Compression & SIBG Brass Cable Glands,Single Compression Cable Glands
Cable Glands,Single Compression & SIBG Brass Cable Glands,Single Compression Cable Glands
Cable Glands,Single Compression & SIBG Brass Cable Glands,Single Compression Cable Glands
Cable Glands,Single Compression & SIBG Brass Cable Glands,Single Compression Cable Glands
Cable Glands,Single Compression & SIBG Brass Cable Glands,Single Compression Cable Glands
Cable Glands,Single Compression & SIBG Brass Cable Glands,Single Compression Cable Glands
Cable Glands,Single Compression & SIBG Brass Cable Glands,Single Compression Cable Glands
Cable Glands,Single Compression & SIBG Brass Cable Glands,Single Compression Cable Glands
Cable Glands,Single Compression & SIBG Brass Cable Glands,Single Compression Cable Glands
Cable Glands,Single Compression & SIBG Brass Cable Glands,Single Compression Cable Glands
Cable Glands,Single Compression & SIBG Brass Cable Glands,Single Compression Cable Glands
Cable Glands,Single Compression & SIBG Brass Cable Glands,SIBG Brass Cable Glands
Cable Glands,Single Compression & SIBG Brass Cable Glands,SIBG Brass Cable Glands
Cable Glands,Single Compression & SIBG Brass Cable Glands,SIBG Brass Cable Glands
Cable Glands,Single Compression & SIBG Brass Cable Glands,SIBG Brass Cable Glands
Cable Glands,Single Compression & SIBG Brass Cable Glands,SIBG Brass Cable Glands
Cable Glands,Single Compression & SIBG Brass Cable Glands,SIBG Brass Cable Glands
Cable Glands,Single Compression & SIBG Brass Cable Glands,SIBG Brass Cable Glands
Cable Glands,Single Compression & SIBG Brass Cable Glands,SIBG Brass Cable Glands
Cable Glands,Single Compression & SIBG Brass Cable Glands,SIBG Brass Cable Glands
Cable Glands,Single Compression & SIBG Brass Cable Glands,SIBG Brass Cable Glands
Cable Glands,Single Compression & SIBG Brass Cable Glands,SIBG Brass Cable Glands
Cable Glands,Single Compression & SIBG Brass Cable Glands,SIBG Brass Cable Glands
Cable Glands,Single Compression & SIBG Brass Cable Glands,SIBG Brass Cable Glands
Cable Glands,Single Compression & SIBG Brass Cable Glands,SIBG Brass Cable Glands