teknic electric cat file,c2_category,leaf_category
Control & Signalling Devices,Illuminated Selector wih LED,3 Position Illuminated Selector Actuator Stayput
Control & Signalling Devices,Illuminated Selector wih LED,3 Position Illuminated Selector Actuator Stayput
Control & Signalling Devices,Illuminated Selector wih LED,3 Position Illuminated Selector Actuator Stayput
Control & Signalling Devices,Illuminated Selector wih LED,3 Position Illuminated Selector Actuator Stayput
Control & Signalling Devices,Illuminated Selector wih LED,3 Position Illuminated Selector Actuator Stayput
Control & Signalling Devices,Illuminated Selector wih LED,3 Position Illuminated Selector Actuator Stayput
Control & Signalling Devices,Illuminated Selector wih LED,3 Position Illuminated Selector Actuator Stayput
Control & Signalling Devices,Illuminated Selector wih LED,3 Position Illuminated Selector Actuator Momentary
Control & Signalling Devices,Illuminated Selector wih LED,3 Position Illuminated Selector Actuator Momentary
Control & Signalling Devices,Illuminated Selector wih LED,3 Position Illuminated Selector Actuator Momentary
Control & Signalling Devices,Illuminated Selector wih LED,3 Position Illuminated Selector Actuator Momentary with LED
Control & Signalling Devices,Illuminated Selector wih LED,3 Position Illuminated Selector Actuator Momentary
Control & Signalling Devices,Illuminated Selector wih LED,3 Position Illuminated Selector Actuator Momentary
Control & Signalling Devices,Illuminated Selector wih LED,3 Position Illuminated Selector Actuator Momentary
Control & Signalling Devices,Illuminated Selector wih LED,3 Position Illuminated Selector Actuator Stayput/Momentary
Control & Signalling Devices,Illuminated Selector wih LED,3 Position Illuminated Selector Actuator Stayput/Momentary
Control & Signalling Devices,Illuminated Selector wih LED,3 Position Illuminated Selector Actuator Stayput/Momentary
Control & Signalling Devices,Illuminated Selector wih LED,3 Position Illuminated Selector Actuator Stayput/Momentary
Control & Signalling Devices,Illuminated Selector wih LED,3 Position Illuminated Selector Actuator Stayput/Momentary
Control & Signalling Devices,Illuminated Selector wih LED,3 Position Illuminated Selector Actuator Stayput/Momentary
Control & Signalling Devices,Illuminated Selector wih LED,3 Position Illuminated Selector Actuator Stayput/Momentary
Control & Signalling Devices,Illuminated Selector wih LED,3 Position Illuminated Selector Actuator Stayput/Momentary
Control & Signalling Devices,Illuminated Selector wih LED,3 Position Illuminated Selector Actuator Stayput/Momentary
Control & Signalling Devices,Illuminated Selector wih LED,3 Position Illuminated Selector Actuator Stayput/Momentary
Control & Signalling Devices,Illuminated Selector wih LED,3 Position Illuminated Selector Actuator Stayput/Momentary
Control & Signalling Devices,Illuminated Selector wih LED,3 Position Illuminated Selector Actuator Stayput/Momentary
Control & Signalling Devices,Illuminated Selector wih LED,3 Position Illuminated Selector Actuator Stayput/Momentary
Control & Signalling Devices,Illuminated Selector wih LED,3 Position Illuminated Selector Actuator Stayput/Momentary
Control & Signalling Devices,Illuminated Selector wih LED Bulb,3 Position Illuminated Selector Actuator Stayput
Control & Signalling Devices,Illuminated Selector wih LED Bulb,3 Position Illuminated Selector Actuator Stayput
Control & Signalling Devices,Illuminated Selector wih LED Bulb,3 Position Illuminated Selector Actuator Stayput
Control & Signalling Devices,Illuminated Selector wih LED Bulb,3 Position Illuminated Selector Actuator Stayput
Control & Signalling Devices,Illuminated Selector wih LED Bulb,3 Position Illuminated Selector Actuator Stayput
Control & Signalling Devices,Illuminated Selector wih LED Bulb,3 Position Illuminated Selector Actuator Stayput
Control & Signalling Devices,Illuminated Selector wih LED Bulb,3 Position Illuminated Selector Actuator Stayput
Control & Signalling Devices,Illuminated Selector wih LED Bulb,3 Position Illuminated Selector Actuator Momentary
Control & Signalling Devices,Illuminated Selector wih LED Bulb,3 Position Illuminated Selector Actuator Momentary
Control & Signalling Devices,Illuminated Selector wih LED Bulb,3 Position Illuminated Selector Actuator Momentary
Control & Signalling Devices,Illuminated Selector wih LED Bulb,3 Position Illuminated Selector Actuator Momentary
Control & Signalling Devices,Illuminated Selector wih LED Bulb,3 Position Illuminated Selector Actuator Momentary
Control & Signalling Devices,Illuminated Selector wih LED Bulb,3 Position Illuminated Selector Actuator Momentary
Control & Signalling Devices,Illuminated Selector wih LED Bulb,3 Position Illuminated Selector Actuator Momentary
Control & Signalling Devices,Illuminated Selector wih LED Bulb,3 Position Illuminated Selector Actuator Stayput/Momentary
Control & Signalling Devices,Illuminated Selector wih LED Bulb,3 Position Illuminated Selector Actuator Stayput/Momentary
Control & Signalling Devices,Illuminated Selector wih LED Bulb,3 Position Illuminated Selector Actuator Stayput/Momentary
Control & Signalling Devices,Illuminated Selector wih LED Bulb,3 Position Illuminated Selector Actuator Stayput/Momentary
Control & Signalling Devices,Illuminated Selector wih LED Bulb,3 Position Illuminated Selector Actuator Stayput/Momentary
Control & Signalling Devices,Illuminated Selector wih LED Bulb,3 Position Illuminated Selector Actuator Stayput/Momentary
Control & Signalling Devices,Illuminated Selector wih LED Bulb,3 Position Illuminated Selector Actuator Stayput/Momentary
Control & Signalling Devices,Illuminated Selector wih LED Bulb,3 Position Illuminated Selector Actuator Stayput/Momentary
Control & Signalling Devices,Illuminated Selector wih LED Bulb,3 Position Illuminated Selector Actuator Stayput/Momentary
Control & Signalling Devices,Illuminated Selector wih LED Bulb,3 Position Illuminated Selector Actuator Stayput/Momentary
Control & Signalling Devices,Illuminated Selector wih LED Bulb,3 Position Illuminated Selector Actuator Stayput/Momentary
Control & Signalling Devices,Illuminated Selector wih LED Bulb,3 Position Illuminated Selector Actuator Stayput/Momentary
Control & Signalling Devices,Illuminated Selector wih LED Bulb,3 Position Illuminated Selector Actuator Stayput/Momentary
Control & Signalling Devices,Illuminated Selector wih LED Bulb,3 Position Illuminated Selector Actuator Stayput/Momentary
Control & Signalling Devices,Twin Illuminated Actuators with Filament Bulb,"Twin Illuminated 1 Flush, 1 Projecting (IO) Mark, Direct Connection"
Control & Signalling Devices,Twin Illuminated Actuators with Filament Bulb,"Twin Illuminated 1 Flush, 1 Projecting (IO) Mark,Connection with Resistor"
Control & Signalling Devices,Twin Illuminated Actuators with Filament Bulb,"Twin Illuminated Double Flush, (IO) Mark, Direct Connection"
Control & Signalling Devices,Twin Illuminated Actuators with Filament Bulb,"Twin Illuminated Double Flush, (IO) Mark,Connection with Resistor"
Control & Signalling Devices,Twin Illuminated Actuators with LED,"Twin Illuminated 1 Flush, 1 Projecting, (IO) Mark, Integral LED"
Control & Signalling Devices,Twin Illuminated Actuators with LED,"Twin Illuminated 1 Flush, 1 Projecting, (IO) Mark,LED Bulb"
Control & Signalling Devices,Twin Illuminated Actuators with LED,"Twin Illuminated Double Flush, (IO) Mark, Integral LED"
Control & Signalling Devices,Twin Illuminated Actuators with LED,"Twin Illuminated Double Flush, (IO) Mark,LED Bulb"
Control & Signalling Devices,Pilot Light with Filament Bulb,"Pilot Light with filament Bulb, Direct Connection"
Control & Signalling Devices,Pilot Light with Filament Bulb,"Pilot Light with filament Bulb, Direct Connection"
Control & Signalling Devices,Pilot Light with Filament Bulb,"Pilot Light with filament Bulb, Direct Connection"
Control & Signalling Devices,Pilot Light with Filament Bulb,"Pilot Light with filament Bulb, Direct Connection"
Control & Signalling Devices,Pilot Light with Filament Bulb,"Pilot Light with filament Bulb, Direct Connection"
Control & Signalling Devices,Pilot Light with Filament Bulb,"Pilot Light with filament Bulb, Direct Connection"
Control & Signalling Devices,Pilot Light with Filament Bulb,"Pilot Light with filament Bulb, Direct Connection"
Control & Signalling Devices,Pilot Light with Filament Bulb,"Pilot Light with filament Bulb, Connection with Resistor"
Control & Signalling Devices,Pilot Light with Filament Bulb,"Pilot Light with filament Bulb, Connection with Resistor"
Control & Signalling Devices,Pilot Light with Filament Bulb,"Pilot Light with filament Bulb, Connection with Resistor"
Control & Signalling Devices,Pilot Light with Filament Bulb,"Pilot Light with filament Bulb, Connection with Resistor"
Control & Signalling Devices,Pilot Light with Filament Bulb,"Pilot Light with filament Bulb, Connection with Resistor"
Control & Signalling Devices,Pilot Light with Filament Bulb,"Pilot Light with filament Bulb, Connection with Resistor"
Control & Signalling Devices,Pilot Light with Filament Bulb,"Pilot Light with filament Bulb, Connection with Resistor"
Control & Signalling Devices,Pilot Light with Filament Bulb,"Pilot Light with filament Bulb, Connection with Resistor + Diode"
Control & Signalling Devices,Pilot Light with Filament Bulb,"Pilot Light with filament Bulb, Connection with Resistor + Diode"
Control & Signalling Devices,Pilot Light with Filament Bulb,"Pilot Light with filament Bulb, Connection with Resistor + Diode"
Control & Signalling Devices,Pilot Light with Filament Bulb,"Pilot Light with filament Bulb, Connection with Resistor + Diode"
Control & Signalling Devices,Pilot Light with Filament Bulb,"Pilot Light with filament Bulb, Connection with Resistor + Diode"
Control & Signalling Devices,Pilot Light with Filament Bulb,"Pilot Light with filament Bulb, Connection with Resistor + Diode"
Control & Signalling Devices,Pilot Light with Filament Bulb,"Pilot Light with filament Bulb, Connection with Resistor + Diode"
Control & Signalling Devices,Pilot Light with Filament Bulb,"Pilot Light with filament Bulb, Connection with Transformer"
Control & Signalling Devices,Pilot Light with Filament Bulb,"Pilot Light with filament Bulb, Connection with Transformer"
Control & Signalling Devices,Pilot Light with Filament Bulb,"Pilot Light with filament Bulb, Connection with Transformer"
Control & Signalling Devices,Pilot Light with Filament Bulb,"Pilot Light with filament Bulb, Connection with Transformer"
Control & Signalling Devices,Pilot Light with Filament Bulb,"Pilot Light with filament Bulb, Connection with Transformer"
Control & Signalling Devices,Pilot Light with Filament Bulb,"Pilot Light with filament Bulb, Connection with Transformer"
Control & Signalling Devices,Pilot Light with Filament Bulb,"Pilot Light with filament Bulb, Connection with Transformer"
Control & Signalling Devices,Pilot Lights,Pilot Light with Integral LED
Control & Signalling Devices,Pilot Lights,Pilot Light with Integral LED
Control & Signalling Devices,Pilot Lights,Pilot Light with Integral LED
Control & Signalling Devices,Pilot Lights,Pilot Light with Integral LED
Control & Signalling Devices,Pilot Lights,Pilot Light with Integral LED
Control & Signalling Devices,Pilot Lights,Pilot Light with Integral LED
Control & Signalling Devices,Pilot Lights,Pilot Light with Integral LED
Control & Signalling Devices,Pilot Lights,Pilot Light with Integral LED
Control & Signalling Devices,Pilot Lights,Pilot Light with Integral LED
Control & Signalling Devices,Pilot Lights,Pilot Light with Integral LED
Control & Signalling Devices,Pilot Lights,Pilot Light with Integral LED
Control & Signalling Devices,Pilot Lights,Pilot Light with Integral LED
Control & Signalling Devices,Pilot Lights,Pilot Light with Integral LED
Control & Signalling Devices,Pilot Lights,Pilot Light with Integral LED
Control & Signalling Devices,Pilot Lights,"Pilot Light with Integral LED, Universal"
Control & Signalling Devices,Pilot Lights,"Pilot Light with Integral LED, Universal"
Control & Signalling Devices,Pilot Lights,"Pilot Light with Integral LED, Universal"
Control & Signalling Devices,Pilot Lights,"Pilot Light with Integral LED, Universal"
Control & Signalling Devices,Pilot Lights,"Pilot Light with Integral LED, Universal"
Control & Signalling Devices,Pilot Lights,"Pilot Light with Integral LED, Universal"
Control & Signalling Devices,Pilot Lights,"Pilot Light with Integral LED, Universal"
Control & Signalling Devices,Pilot Lights,"Pilot Light with Integral LED, 415VAC"
Control & Signalling Devices,Pilot Lights,"Pilot Light with Integral LED, 415VAC"
Control & Signalling Devices,Pilot Lights,"Pilot Light with Integral LED, 415VAC"
Control & Signalling Devices,Pilot Lights,"Pilot Light with Integral LED, 415VAC"
Control & Signalling Devices,Pilot Lights,"Pilot Light with Integral LED, 415VAC"
Control & Signalling Devices,Pilot Lights,"Pilot Light with Integral LED, 415VAC"
Control & Signalling Devices,Pilot Lights,"Pilot Light with Integral LED, 415VAC"
Control & Signalling Devices,Pilot Lights,"Pilot Light with Integral LED, Test Lamp"
Control & Signalling Devices,Pilot Lights,"Pilot Light with Integral LED, Test Lamp"
Control & Signalling Devices,Pilot Lights,"Pilot Light with Integral LED, Test Lamp"
Control & Signalling Devices,Pilot Lights,"Pilot Light with Integral LED, Test Lamp"
Control & Signalling Devices,Pilot Lights,"Pilot Light with Integral LED, Test Lamp"
Control & Signalling Devices,Pilot Lights,"Pilot Light with Integral LED, Test Lamp"
Control & Signalling Devices,Pilot Lights,"Pilot Light with Integral LED, Test Lamp"