Name,brand,main_category,c1_category,c2_category,leaf_category,artical_no,series_name,model_no,mrp,seling_price,unit_of_measurement,selling_unit,magnitude_of_uom,description,image_1,image_2,image_3,image_4,image_5,attribute1a,attribute1b,attribute2a,attribute2b,attribute3a,attribute3b,attribute4a,attribute4b,attribute5a,attribute5b,attribute6a,attribute6b,attribute7a,attribute7b,attribute8a,attribute8b,attribute9a,attribute9b,attribute10a,attribute10b,attribute11a,attribute11b,image,sku_code,hsn,tax,catalogue_url,is_return_available,return_day,faq,width,height,depth,weight,min_quantity,ship_time,accesoriess_cat_name
"Teknic 2ASLR1L(S)-3P- 3 Position Illuminated Selector Actuator, Colour- White, 6-48 V",Teknic Electric,Panel & Panel Accessories,Control & Signalling Devices,Illuminated Selector with LED,3 Position Illuminated Selector Actuator,2ASLR1L(S)-3P,Metallic Series,2ASLR1L(S)-3P,,635,Piece,Each,1,"Teknic 2ASLR1L(S)-3P- 3 Position Illuminated Selector Actuator, Colour- White, 6-48 V",,,,,,Colour,White,Voltage Rating,6-48 V,,,,,,,,,,,,,,,,,,,1724994133-Product-600.1.PNG,,,18%,,7 Days,,,,,,,1,8-10 Days,
"Teknic 2ASLR3L-3P- 3 Position Illuminated Selector Actuator, Colour- Green, 6-48 V",Teknic Electric,Panel & Panel Accessories,Control & Signalling Devices,Illuminated Selector with LED,3 Position Illuminated Selector Actuator,2ASLR3L-3P,Metallic Series,2ASLR3L-3P,,490,Piece,Each,1,"Teknic 2ASLR3L-3P- 3 Position Illuminated Selector Actuator, Colour- Green, 6-48 V",,,,,,Colour,Green,Voltage Rating,6-48 V,,,,,,,,,,,,,,,,,,,1724994133-Product-600.1.PNG,,,18%,,7 Days,,,,,,,1,8-10 Days,
"Teknic 2ASLR4L-3P- 3 Position Illuminated Selector Actuator, Colour- Red, 6-48 V",Teknic Electric,Panel & Panel Accessories,Control & Signalling Devices,Illuminated Selector with LED,3 Position Illuminated Selector Actuator,2ASLR4L-3P,Metallic Series,2ASLR4L-3P,,490,Piece,Each,1,"Teknic 2ASLR4L-3P- 3 Position Illuminated Selector Actuator, Colour- Red, 6-48 V",,,,,,Colour,Red,Voltage Rating,6-48 V,,,,,,,,,,,,,,,,,,,1724994133-Product-600.1.PNG,,,18%,,7 Days,,,,,,,1,8-10 Days,
"Teknic 2ASLR5L-3P- 3 Position Illuminated Selector Actuator, Colour- Amber, 6-48 V",Teknic Electric,Panel & Panel Accessories,Control & Signalling Devices,Illuminated Selector with LED,3 Position Illuminated Selector Actuator,2ASLR5L-3P,Metallic Series,2ASLR5L-3P,,490,Piece,Each,1,"Teknic 2ASLR5L-3P- 3 Position Illuminated Selector Actuator, Colour- Amber, 6-48 V",,,,,,Colour,Amber,Voltage Rating,6-48 V,,,,,,,,,,,,,,,,,,,1724994133-Product-600.1.PNG,,,18%,,7 Days,,,,,,,1,8-10 Days,
"Teknic 2ASLR6L-3P- 3 Position Illuminated Selector Actuator, Colour- Blue, 6-48 V",Teknic Electric,Panel & Panel Accessories,Control & Signalling Devices,Illuminated Selector with LED,3 Position Illuminated Selector Actuator,2ASLR6L-3P,Metallic Series,2ASLR6L-3P,,740,Piece,Each,1,"Teknic 2ASLR6L-3P- 3 Position Illuminated Selector Actuator, Colour- Blue, 6-48 V",,,,,,Colour,Blue,Voltage Rating,6-48 V,,,,,,,,,,,,,,,,,,,1724994133-Product-600.1.PNG,,,18%,,7 Days,,,,,,,1,8-10 Days,
"Teknic 2ASLR7L(S)-3P- 3 Position Illuminated Selector Actuator, Colour- White, 6-48 V",Teknic Electric,Panel & Panel Accessories,Control & Signalling Devices,Illuminated Selector with LED,3 Position Illuminated Selector Actuator,2ASLR7L(S)-3P,Metallic Series,2ASLR7L(S)-3P,,635,Piece,Each,1,"Teknic 2ASLR7L(S)-3P- 3 Position Illuminated Selector Actuator, Colour- White, 6-48 V",,,,,,Colour,White,Voltage Rating,6-48 V,,,,,,,,,,,,,,,,,,,1724994133-Product-600.1.PNG,,,18%,,7 Days,,,,,,,1,8-10 Days,
"Teknic 2ASLR8L-3P- 3 Position Illuminated Selector Actuator, Colour- Yellow, 6-48 V",Teknic Electric,Panel & Panel Accessories,Control & Signalling Devices,Illuminated Selector with LED,3 Position Illuminated Selector Actuator,2ASLR8L-3P,Metallic Series,2ASLR8L-3P,,490,Piece,Each,1,"Teknic 2ASLR8L-3P- 3 Position Illuminated Selector Actuator, Colour- Yellow, 6-48 V",,,,,,Colour,Yellow,Voltage Rating,6-48 V,,,,,,,,,,,,,,,,,,,1724994133-Product-600.1.PNG,,,18%,,7 Days,,,,,,,1,8-10 Days,
"Teknic 2ASLR1L(S)-3PSR- 3 Position Illuminated Selector Actuator, Colour- White, 6-48 V",Teknic Electric,Panel & Panel Accessories,Control & Signalling Devices,Illuminated Selector with LED,3 Position Illuminated Selector Actuator,2ASLR1L(S)-3PSR,Metallic Series,2ASLR1L(S)-3PSR,,775,Piece,Each,1,"Teknic 2ASLR1L(S)-3PSR- 3 Position Illuminated Selector Actuator, Colour- White, 6-48 V",,,,,,Colour,White,Voltage Rating,6-48 V,,,,,,,,,,,,,,,,,,,1724994133-Product-600.1.PNG,,,18%,,7 Days,,,,,,,1,8-10 Days,
"Teknic 2ASLR3L-3PSR- 3 Position Illuminated Selector Actuator, Colour- Green, 6-48 V",Teknic Electric,Panel & Panel Accessories,Control & Signalling Devices,Illuminated Selector with LED,3 Position Illuminated Selector Actuator,2ASLR3L-3PSR,Metallic Series,2ASLR3L-3PSR,,605,Piece,Each,1,"Teknic 2ASLR3L-3PSR- 3 Position Illuminated Selector Actuator, Colour- Green, 6-48 V",,,,,,Colour,Green,Voltage Rating,6-48 V,,,,,,,,,,,,,,,,,,,1724994133-Product-600.1.PNG,,,18%,,7 Days,,,,,,,1,8-10 Days,
"Teknic 2ASLR4L-3PSR- 3 Position Illuminated Selector Actuator, Colour- Red, 6-48 V",Teknic Electric,Panel & Panel Accessories,Control & Signalling Devices,Illuminated Selector with LED,3 Position Illuminated Selector Actuator,2ASLR4L-3PSR,Metallic Series,2ASLR4L-3PSR,,605,Piece,Each,1,"Teknic 2ASLR4L-3PSR- 3 Position Illuminated Selector Actuator, Colour- Red, 6-48 V",,,,,,Colour,Red,Voltage Rating,6-48 V,,,,,,,,,,,,,,,,,,,1724994133-Product-600.1.PNG,,,18%,,7 Days,,,,,,,1,8-10 Days,
"Teknic 2ASLR5L-3PSR- 3 Position Illuminated Selector Actuator, Colour- Amber, 6-48 V",Teknic Electric,Panel & Panel Accessories,Control & Signalling Devices,Illuminated Selector with LED,3 Position Illuminated Selector Actuator,2ASLR5L-3PSR,Metallic Series,2ASLR5L-3PSR,,605,Piece,Each,1,"Teknic 2ASLR5L-3PSR- 3 Position Illuminated Selector Actuator, Colour- Amber, 6-48 V",,,,,,Colour,Amber,Voltage Rating,6-48 V,,,,,,,,,,,,,,,,,,,1724994133-Product-600.1.PNG,,,18%,,7 Days,,,,,,,1,8-10 Days,
"Teknic 2ASLR6L-3PSR- 3 Position Illuminated Selector Actuator, Colour- Blue, 6-48 V",Teknic Electric,Panel & Panel Accessories,Control & Signalling Devices,Illuminated Selector with LED,3 Position Illuminated Selector Actuator,2ASLR6L-3PSR,Metallic Series,2ASLR6L-3PSR,,900,Piece,Each,1,"Teknic 2ASLR6L-3PSR- 3 Position Illuminated Selector Actuator, Colour- Blue, 6-48 V",,,,,,Colour,Blue,Voltage Rating,6-48 V,,,,,,,,,,,,,,,,,,,1724994133-Product-600.1.PNG,,,18%,,7 Days,,,,,,,1,8-10 Days,
"Teknic 2ASLR7L(S)-3PSR- 3 Position Illuminated Selector Actuator, Colour- White, 6-48 V",Teknic Electric,Panel & Panel Accessories,Control & Signalling Devices,Illuminated Selector with LED,3 Position Illuminated Selector Actuator,2ASLR7L(S)-3PSR,Metallic Series,2ASLR7L(S)-3PSR,,775,Piece,Each,1,"Teknic 2ASLR7L(S)-3PSR- 3 Position Illuminated Selector Actuator, Colour- White, 6-48 V",,,,,,Colour,White,Voltage Rating,6-48 V,,,,,,,,,,,,,,,,,,,1724994133-Product-600.1.PNG,,,18%,,7 Days,,,,,,,1,8-10 Days,
"Teknic 2ASLR8L-3PSR- 3 Position Illuminated Selector Actuator, Colour- Yellow, 6-48 V",Teknic Electric,Panel & Panel Accessories,Control & Signalling Devices,Illuminated Selector with LED,3 Position Illuminated Selector Actuator,2ASLR8L-3PSR,Metallic Series,2ASLR8L-3PSR,,605,Piece,Each,1,"Teknic 2ASLR8L-3PSR- 3 Position Illuminated Selector Actuator, Colour- Yellow, 6-48 V",,,,,,Colour,Yellow,Voltage Rating,6-48 V,,,,,,,,,,,,,,,,,,,1724994133-Product-600.1.PNG,,,18%,,7 Days,,,,,,,1,8-10 Days,
"Teknic 2ASLR1L(S)-3PSRL- 3 Position Illuminated Selector Actuator, Colour- White, 6-48 V",Teknic Electric,Panel & Panel Accessories,Control & Signalling Devices,Illuminated Selector with LED,3 Position Illuminated Selector Actuator,2ASLR1L(S)-3PSRL,Metallic Series,2ASLR1L(S)-3PSRL,,775,Piece,Each,1,"Teknic 2ASLR1L(S)-3PSRL- 3 Position Illuminated Selector Actuator, Colour- White, 6-48 V",,,,,,Colour,White,Voltage Rating,6-48 V,,,,,,,,,,,,,,,,,,,1724994133-Product-600.1.PNG,,,18%,,7 Days,,,,,,,1,8-10 Days,
"Teknic 2ASLR3L-3PSRL- 3 Position Illuminated Selector Actuator, Colour- Green, 6-48 V",Teknic Electric,Panel & Panel Accessories,Control & Signalling Devices,Illuminated Selector with LED,3 Position Illuminated Selector Actuator,2ASLR3L-3PSRL,Metallic Series,2ASLR3L-3PSRL,,605,Piece,Each,1,"Teknic 2ASLR3L-3PSRL- 3 Position Illuminated Selector Actuator, Colour- Green, 6-48 V",,,,,,Colour,Green,Voltage Rating,6-48 V,,,,,,,,,,,,,,,,,,,1724994133-Product-600.1.PNG,,,18%,,7 Days,,,,,,,1,8-10 Days,
"Teknic 2ASLR4L-3PSRL- 3 Position Illuminated Selector Actuator, Colour- Red, 6-48 V",Teknic Electric,Panel & Panel Accessories,Control & Signalling Devices,Illuminated Selector with LED,3 Position Illuminated Selector Actuator,2ASLR4L-3PSRL,Metallic Series,2ASLR4L-3PSRL,,605,Piece,Each,1,"Teknic 2ASLR4L-3PSRL- 3 Position Illuminated Selector Actuator, Colour- Red, 6-48 V",,,,,,Colour,Red,Voltage Rating,6-48 V,,,,,,,,,,,,,,,,,,,1724994133-Product-600.1.PNG,,,18%,,7 Days,,,,,,,1,8-10 Days,
"Teknic 2ASLR5L-3PSRL- 3 Position Illuminated Selector Actuator, Colour- Amber, 6-48 V",Teknic Electric,Panel & Panel Accessories,Control & Signalling Devices,Illuminated Selector with LED,3 Position Illuminated Selector Actuator,2ASLR5L-3PSRL,Metallic Series,2ASLR5L-3PSRL,,605,Piece,Each,1,"Teknic 2ASLR5L-3PSRL- 3 Position Illuminated Selector Actuator, Colour- Amber, 6-48 V",,,,,,Colour,Amber,Voltage Rating,6-48 V,,,,,,,,,,,,,,,,,,,1724994133-Product-600.1.PNG,,,18%,,7 Days,,,,,,,1,8-10 Days,
"Teknic 2ASLR6L-3PSRL- 3 Position Illuminated Selector Actuator, Colour- Blue, 6-48 V",Teknic Electric,Panel & Panel Accessories,Control & Signalling Devices,Illuminated Selector with LED,3 Position Illuminated Selector Actuator,2ASLR6L-3PSRL,Metallic Series,2ASLR6L-3PSRL,,900,Piece,Each,1,"Teknic 2ASLR6L-3PSRL- 3 Position Illuminated Selector Actuator, Colour- Blue, 6-48 V",,,,,,Colour,Blue,Voltage Rating,6-48 V,,,,,,,,,,,,,,,,,,,1724994133-Product-600.1.PNG,,,18%,,7 Days,,,,,,,1,8-10 Days,
"Teknic 2ASLR7L(S)-3PSRL- 3 Position Illuminated Selector Actuator, Colour- White, 6-48 V",Teknic Electric,Panel & Panel Accessories,Control & Signalling Devices,Illuminated Selector with LED,3 Position Illuminated Selector Actuator,2ASLR7L(S)-3PSRL,Metallic Series,2ASLR7L(S)-3PSRL,,775,Piece,Each,1,"Teknic 2ASLR7L(S)-3PSRL- 3 Position Illuminated Selector Actuator, Colour- White, 6-48 V",,,,,,Colour,White,Voltage Rating,6-48 V,,,,,,,,,,,,,,,,,,,1724994133-Product-600.1.PNG,,,18%,,7 Days,,,,,,,1,8-10 Days,
"Teknic 2ASLR8L-3PSRL- 3 Position Illuminated Selector Actuator, Colour- Yellow, 6-48 V",Teknic Electric,Panel & Panel Accessories,Control & Signalling Devices,Illuminated Selector with LED,3 Position Illuminated Selector Actuator,2ASLR8L-3PSRL,Metallic Series,2ASLR8L-3PSRL,,605,Piece,Each,1,"Teknic 2ASLR8L-3PSRL- 3 Position Illuminated Selector Actuator, Colour- Yellow, 6-48 V",,,,,,Colour,Yellow,Voltage Rating,6-48 V,,,,,,,,,,,,,,,,,,,1724994133-Product-600.1.PNG,,,18%,,7 Days,,,,,,,1,8-10 Days,
"Teknic 2ASLR1L(S)-3PSRR- 3 Position Illuminated Selector Actuator, Colour- White, 6-48 V",Teknic Electric,Panel & Panel Accessories,Control & Signalling Devices,Illuminated Selector with LED,3 Position Illuminated Selector Actuator,2ASLR1L(S)-3PSRR,Metallic Series,2ASLR1L(S)-3PSRR,,775,Piece,Each,1,"Teknic 2ASLR1L(S)-3PSRR- 3 Position Illuminated Selector Actuator, Colour- White, 6-48 V",,,,,,Colour,White,Voltage Rating,6-48 V,,,,,,,,,,,,,,,,,,,1724994133-Product-600.1.PNG,,,18%,,7 Days,,,,,,,1,8-10 Days,
"Teknic 2ASLR3L-3PSRR- 3 Position Illuminated Selector Actuator, Colour- Green, 6-48 V",Teknic Electric,Panel & Panel Accessories,Control & Signalling Devices,Illuminated Selector with LED,3 Position Illuminated Selector Actuator,2ASLR3L-3PSRR,Metallic Series,2ASLR3L-3PSRR,,605,Piece,Each,1,"Teknic 2ASLR3L-3PSRR- 3 Position Illuminated Selector Actuator, Colour- Green, 6-48 V",,,,,,Colour,Green,Voltage Rating,6-48 V,,,,,,,,,,,,,,,,,,,1724994133-Product-600.1.PNG,,,18%,,7 Days,,,,,,,1,8-10 Days,
"Teknic 2ASLR4L-3PSRR- 3 Position Illuminated Selector Actuator, Colour- Red, 6-48 V",Teknic Electric,Panel & Panel Accessories,Control & Signalling Devices,Illuminated Selector with LED,3 Position Illuminated Selector Actuator,2ASLR4L-3PSRR,Metallic Series,2ASLR4L-3PSRR,,605,Piece,Each,1,"Teknic 2ASLR4L-3PSRR- 3 Position Illuminated Selector Actuator, Colour- Red, 6-48 V",,,,,,Colour,Red,Voltage Rating,6-48 V,,,,,,,,,,,,,,,,,,,1724994133-Product-600.1.PNG,,,18%,,7 Days,,,,,,,1,8-10 Days,
"Teknic 2ASLR5L-3PSRR- 3 Position Illuminated Selector Actuator, Colour- Amber, 6-48 V",Teknic Electric,Panel & Panel Accessories,Control & Signalling Devices,Illuminated Selector with LED,3 Position Illuminated Selector Actuator,2ASLR5L-3PSRR,Metallic Series,2ASLR5L-3PSRR,,605,Piece,Each,1,"Teknic 2ASLR5L-3PSRR- 3 Position Illuminated Selector Actuator, Colour- Amber, 6-48 V",,,,,,Colour,Amber,Voltage Rating,6-48 V,,,,,,,,,,,,,,,,,,,1724994133-Product-600.1.PNG,,,18%,,7 Days,,,,,,,1,8-10 Days,
"Teknic 2ASLR6L-3PSRR- 3 Position Illuminated Selector Actuator, Colour- Blue, 6-48 V",Teknic Electric,Panel & Panel Accessories,Control & Signalling Devices,Illuminated Selector with LED,3 Position Illuminated Selector Actuator,2ASLR6L-3PSRR,Metallic Series,2ASLR6L-3PSRR,,900,Piece,Each,1,"Teknic 2ASLR6L-3PSRR- 3 Position Illuminated Selector Actuator, Colour- Blue, 6-48 V",,,,,,Colour,Blue,Voltage Rating,6-48 V,,,,,,,,,,,,,,,,,,,1724994133-Product-600.1.PNG,,,18%,,7 Days,,,,,,,1,8-10 Days,
"Teknic 2ASLR7L(S)-3PSRR- 3 Position Illuminated Selector Actuator, Colour- White, 6-48 V",Teknic Electric,Panel & Panel Accessories,Control & Signalling Devices,Illuminated Selector with LED,3 Position Illuminated Selector Actuator,2ASLR7L(S)-3PSRR,Metallic Series,2ASLR7L(S)-3PSRR,,775,Piece,Each,1,"Teknic 2ASLR7L(S)-3PSRR- 3 Position Illuminated Selector Actuator, Colour- White, 6-48 V",,,,,,Colour,White,Voltage Rating,6-48 V,,,,,,,,,,,,,,,,,,,1724994133-Product-600.1.PNG,,,18%,,7 Days,,,,,,,1,8-10 Days,
"Teknic 2ASLR8L-3PSRR- 3 Position Illuminated Selector Actuator, Colour- Yellow, 6-48 V",Teknic Electric,Panel & Panel Accessories,Control & Signalling Devices,Illuminated Selector with LED,3 Position Illuminated Selector Actuator,2ASLR8L-3PSRR,Metallic Series,2ASLR8L-3PSRR,,605,Piece,Each,1,"Teknic 2ASLR8L-3PSRR- 3 Position Illuminated Selector Actuator, Colour- Yellow, 6-48 V",,,,,,Colour,Yellow,Voltage Rating,6-48 V,,,,,,,,,,,,,,,,,,,1724994133-Product-600.1.PNG,,,18%,,7 Days,,,,,,,1,8-10 Days,
"Teknic 2ASL1LB(S)-3- 3 Position illuminated Selector actuator with LED Bulb, Colour- White, 24 V",Teknic Electric,Panel & Panel Accessories,Control & Signalling Devices,Illuminated Selector with LED,3 Position illuminated Selector actuator with LED Bulb,2ASL1LB(S)-3,Metallic Series,2ASL1LB(S)-3,,725,Piece,Each,1,"Teknic 2ASL1LB(S)-3- 3 Position illuminated Selector actuator with LED Bulb, Colour- White, 24 V",,,,,,Colour,White,Voltage Rating,24 V,,,,,,,,,,,,,,,,,,,1724994133-Product-600.1.PNG,,,18%,,7 Days,,,,,,,1,8-10 Days,
"Teknic 2ASL3LB-3P- 3 Position illuminated Selector actuator with LED Bulb, Colour- Green, 24 V",Teknic Electric,Panel & Panel Accessories,Control & Signalling Devices,Illuminated Selector with LED,3 Position illuminated Selector actuator with LED Bulb,2ASL3LB-3P,Metallic Series,2ASL3LB-3P,,480,Piece,Each,1,"Teknic 2ASL3LB-3P- 3 Position illuminated Selector actuator with LED Bulb, Colour- Green, 24 V",,,,,,Colour,Green,Voltage Rating,24 V,,,,,,,,,,,,,,,,,,,1724994133-Product-600.1.PNG,,,18%,,7 Days,,,,,,,1,8-10 Days,
"Teknic 2ASL4LB-3P- 3 Position illuminated Selector actuator with LED Bulb, Colour- Red, 24 V",Teknic Electric,Panel & Panel Accessories,Control & Signalling Devices,Illuminated Selector with LED,3 Position illuminated Selector actuator with LED Bulb,2ASL4LB-3P,Metallic Series,2ASL4LB-3P,,480,Piece,Each,1,"Teknic 2ASL4LB-3P- 3 Position illuminated Selector actuator with LED Bulb, Colour- Red, 24 V",,,,,,Colour,Red,Voltage Rating,24 V,,,,,,,,,,,,,,,,,,,1724994133-Product-600.1.PNG,,,18%,,7 Days,,,,,,,1,8-10 Days,
"Teknic 2ASL5LB-3P- 3 Position illuminated Selector actuator with LED Bulb, Colour- Amber, 24 V",Teknic Electric,Panel & Panel Accessories,Control & Signalling Devices,Illuminated Selector with LED,3 Position illuminated Selector actuator with LED Bulb,2ASL5LB-3P,Metallic Series,2ASL5LB-3P,,480,Piece,Each,1,"Teknic 2ASL5LB-3P- 3 Position illuminated Selector actuator with LED Bulb, Colour- Amber, 24 V",,,,,,Colour,Amber,Voltage Rating,24 V,,,,,,,,,,,,,,,,,,,1724994133-Product-600.1.PNG,,,18%,,7 Days,,,,,,,1,8-10 Days,
"Teknic 2ASL6LB-3P- 3 Position illuminated Selector actuator with LED Bulb, Colour- Blue, 24 V",Teknic Electric,Panel & Panel Accessories,Control & Signalling Devices,Illuminated Selector with LED,3 Position illuminated Selector actuator with LED Bulb,2ASL6LB-3P,Metallic Series,2ASL6LB-3P,,755,Piece,Each,1,"Teknic 2ASL6LB-3P- 3 Position illuminated Selector actuator with LED Bulb, Colour- Blue, 24 V",,,,,,Colour,Blue,Voltage Rating,24 V,,,,,,,,,,,,,,,,,,,1724994133-Product-600.1.PNG,,,18%,,7 Days,,,,,,,1,8-10 Days,
"Teknic 2ASL7LB(S)-3P- 3 Position illuminated Selector actuator with LED Bulb, Colour- White, 24 V",Teknic Electric,Panel & Panel Accessories,Control & Signalling Devices,Illuminated Selector with LED,3 Position illuminated Selector actuator with LED Bulb,2ASL7LB(S)-3P,Metallic Series,2ASL7LB(S)-3P,,725,Piece,Each,1,"Teknic 2ASL7LB(S)-3P- 3 Position illuminated Selector actuator with LED Bulb, Colour- White, 24 V",,,,,,Colour,White,Voltage Rating,24 V,,,,,,,,,,,,,,,,,,,1724994133-Product-600.1.PNG,,,18%,,7 Days,,,,,,,1,8-10 Days,
"Teknic 2ASL8LB-3P- 3 Position illuminated Selector actuator with LED Bulb, Colour- Yellow, 24 V",Teknic Electric,Panel & Panel Accessories,Control & Signalling Devices,Illuminated Selector with LED,3 Position illuminated Selector actuator with LED Bulb,2ASL8LB-3P,Metallic Series,2ASL8LB-3P,,480,Piece,Each,1,"Teknic 2ASL8LB-3P- 3 Position illuminated Selector actuator with LED Bulb, Colour- Yellow, 24 V",,,,,,Colour,Yellow,Voltage Rating,24 V,,,,,,,,,,,,,,,,,,,1724994133-Product-600.1.PNG,,,18%,,7 Days,,,,,,,1,8-10 Days,
"Teknic 2ASL1LB(S)-3PSR- 3 Position illuminated Selector actuator with LED Bulb, Colour- White, 24 V",Teknic Electric,Panel & Panel Accessories,Control & Signalling Devices,Illuminated Selector with LED,3 Position illuminated Selector actuator with LED Bulb,2ASL1LB(S)-3PSR,Metallic Series,2ASL1LB(S)-3PSR,,735,Piece,Each,1,"Teknic 2ASL1LB(S)-3PSR- 3 Position illuminated Selector actuator with LED Bulb, Colour- White, 24 V",,,,,,Colour,White,Voltage Rating,24 V,,,,,,,,,,,,,,,,,,,1724994133-Product-600.1.PNG,,,18%,,7 Days,,,,,,,1,8-10 Days,
"Teknic 2ASL3LB-3PSR- 3 Position illuminated Selector actuator with LED Bulb, Colour- Green, 24 V",Teknic Electric,Panel & Panel Accessories,Control & Signalling Devices,Illuminated Selector with LED,3 Position illuminated Selector actuator with LED Bulb,2ASL3LB-3PSR,Metallic Series,2ASL3LB-3PSR,,495,Piece,Each,1,"Teknic 2ASL3LB-3PSR- 3 Position illuminated Selector actuator with LED Bulb, Colour- Green, 24 V",,,,,,Colour,Green,Voltage Rating,24 V,,,,,,,,,,,,,,,,,,,1724994133-Product-600.1.PNG,,,18%,,7 Days,,,,,,,1,8-10 Days,
"Teknic 2ASL4LB-3PSR- 3 Position illuminated Selector actuator with LED Bulb, Colour- Red, 24 V",Teknic Electric,Panel & Panel Accessories,Control & Signalling Devices,Illuminated Selector with LED,3 Position illuminated Selector actuator with LED Bulb,2ASL4LB-3PSR,Metallic Series,2ASL4LB-3PSR,,495,Piece,Each,1,"Teknic 2ASL4LB-3PSR- 3 Position illuminated Selector actuator with LED Bulb, Colour- Red, 24 V",,,,,,Colour,Red,Voltage Rating,24 V,,,,,,,,,,,,,,,,,,,1724994133-Product-600.1.PNG,,,18%,,7 Days,,,,,,,1,8-10 Days,
"Teknic 2ASL5LB-3PSR- 3 Position illuminated Selector actuator with LED Bulb, Colour- Amber, 24 V",Teknic Electric,Panel & Panel Accessories,Control & Signalling Devices,Illuminated Selector with LED,3 Position illuminated Selector actuator with LED Bulb,2ASL5LB-3PSR,Metallic Series,2ASL5LB-3PSR,,495,Piece,Each,1,"Teknic 2ASL5LB-3PSR- 3 Position illuminated Selector actuator with LED Bulb, Colour- Amber, 24 V",,,,,,Colour,Amber,Voltage Rating,24 V,,,,,,,,,,,,,,,,,,,1724994133-Product-600.1.PNG,,,18%,,7 Days,,,,,,,1,8-10 Days,
"Teknic 2ASL6LB-3PSR- 3 Position illuminated Selector actuator with LED Bulb, Colour- Blue, 24 V",Teknic Electric,Panel & Panel Accessories,Control & Signalling Devices,Illuminated Selector with LED,3 Position illuminated Selector actuator with LED Bulb,2ASL6LB-3PSR,Metallic Series,2ASL6LB-3PSR,,765,Piece,Each,1,"Teknic 2ASL6LB-3PSR- 3 Position illuminated Selector actuator with LED Bulb, Colour- Blue, 24 V",,,,,,Colour,Blue,Voltage Rating,24 V,,,,,,,,,,,,,,,,,,,1724994133-Product-600.1.PNG,,,18%,,7 Days,,,,,,,1,8-10 Days,
"Teknic 2ASL7LB(S)-3PSR- 3 Position illuminated Selector actuator with LED Bulb, Colour- White, 24 V",Teknic Electric,Panel & Panel Accessories,Control & Signalling Devices,Illuminated Selector with LED,3 Position illuminated Selector actuator with LED Bulb,2ASL7LB(S)-3PSR,Metallic Series,2ASL7LB(S)-3PSR,,735,Piece,Each,1,"Teknic 2ASL7LB(S)-3PSR- 3 Position illuminated Selector actuator with LED Bulb, Colour- White, 24 V",,,,,,Colour,White,Voltage Rating,24 V,,,,,,,,,,,,,,,,,,,1724994133-Product-600.1.PNG,,,18%,,7 Days,,,,,,,1,8-10 Days,
"Teknic 2ASL8LB-3PSR- 3 Position illuminated Selector actuator with LED Bulb, Colour- Yellow, 24 V",Teknic Electric,Panel & Panel Accessories,Control & Signalling Devices,Illuminated Selector with LED,3 Position illuminated Selector actuator with LED Bulb,2ASL8LB-3PSR,Metallic Series,2ASL8LB-3PSR,,495,Piece,Each,1,"Teknic 2ASL8LB-3PSR- 3 Position illuminated Selector actuator with LED Bulb, Colour- Yellow, 24 V",,,,,,Colour,Yellow,Voltage Rating,24 V,,,,,,,,,,,,,,,,,,,1724994133-Product-600.1.PNG,,,18%,,7 Days,,,,,,,1,8-10 Days,
"Teknic 2ASL1LB(S)-3PSRL- 3 Position illuminated Selector actuator with LED Bulb, Colour- White, 24 V",Teknic Electric,Panel & Panel Accessories,Control & Signalling Devices,Illuminated Selector with LED,3 Position illuminated Selector actuator with LED Bulb,2ASL1LB(S)-3PSRL,Metallic Series,2ASL1LB(S)-3PSRL,,735,Piece,Each,1,"Teknic 2ASL1LB(S)-3PSRL- 3 Position illuminated Selector actuator with LED Bulb, Colour- White, 24 V",,,,,,Colour,White,Voltage Rating,24 V,,,,,,,,,,,,,,,,,,,1724994133-Product-600.1.PNG,,,18%,,7 Days,,,,,,,1,8-10 Days,
"Teknic 2ASL3LB-3PSRL- 3 Position illuminated Selector actuator with LED Bulb, Colour- Green, 24 V",Teknic Electric,Panel & Panel Accessories,Control & Signalling Devices,Illuminated Selector with LED,3 Position illuminated Selector actuator with LED Bulb,2ASL3LB-3PSRL,Metallic Series,2ASL3LB-3PSRL,,495,Piece,Each,1,"Teknic 2ASL3LB-3PSRL- 3 Position illuminated Selector actuator with LED Bulb, Colour- Green, 24 V",,,,,,Colour,Green,Voltage Rating,24 V,,,,,,,,,,,,,,,,,,,1724994133-Product-600.1.PNG,,,18%,,7 Days,,,,,,,1,8-10 Days,
"Teknic 2ASL4LB-3PSRL- 3 Position illuminated Selector actuator with LED Bulb, Colour- Red, 24 V",Teknic Electric,Panel & Panel Accessories,Control & Signalling Devices,Illuminated Selector with LED,3 Position illuminated Selector actuator with LED Bulb,2ASL4LB-3PSRL,Metallic Series,2ASL4LB-3PSRL,,495,Piece,Each,1,"Teknic 2ASL4LB-3PSRL- 3 Position illuminated Selector actuator with LED Bulb, Colour- Red, 24 V",,,,,,Colour,Red,Voltage Rating,24 V,,,,,,,,,,,,,,,,,,,1724994133-Product-600.1.PNG,,,18%,,7 Days,,,,,,,1,8-10 Days,
"Teknic 2ASL5LB-3PSRL- 3 Position illuminated Selector actuator with LED Bulb, Colour- Amber, 24 V",Teknic Electric,Panel & Panel Accessories,Control & Signalling Devices,Illuminated Selector with LED,3 Position illuminated Selector actuator with LED Bulb,2ASL5LB-3PSRL,Metallic Series,2ASL5LB-3PSRL,,495,Piece,Each,1,"Teknic 2ASL5LB-3PSRL- 3 Position illuminated Selector actuator with LED Bulb, Colour- Amber, 24 V",,,,,,Colour,Amber,Voltage Rating,24 V,,,,,,,,,,,,,,,,,,,1724994133-Product-600.1.PNG,,,18%,,7 Days,,,,,,,1,8-10 Days,
"Teknic 2ASL6LB-3PSRL- 3 Position illuminated Selector actuator with LED Bulb, Colour- Blue, 24 V",Teknic Electric,Panel & Panel Accessories,Control & Signalling Devices,Illuminated Selector with LED,3 Position illuminated Selector actuator with LED Bulb,2ASL6LB-3PSRL,Metallic Series,2ASL6LB-3PSRL,,765,Piece,Each,1,"Teknic 2ASL6LB-3PSRL- 3 Position illuminated Selector actuator with LED Bulb, Colour- Blue, 24 V",,,,,,Colour,Blue,Voltage Rating,24 V,,,,,,,,,,,,,,,,,,,1724994133-Product-600.1.PNG,,,18%,,7 Days,,,,,,,1,8-10 Days,
"Teknic 2ASL7LB(S)-3PSRL- 3 Position illuminated Selector actuator with LED Bulb, Colour- White, 24 V",Teknic Electric,Panel & Panel Accessories,Control & Signalling Devices,Illuminated Selector with LED,3 Position illuminated Selector actuator with LED Bulb,2ASL7LB(S)-3PSRL,Metallic Series,2ASL7LB(S)-3PSRL,,735,Piece,Each,1,"Teknic 2ASL7LB(S)-3PSRL- 3 Position illuminated Selector actuator with LED Bulb, Colour- White, 24 V",,,,,,Colour,White,Voltage Rating,24 V,,,,,,,,,,,,,,,,,,,1724994133-Product-600.1.PNG,,,18%,,7 Days,,,,,,,1,8-10 Days,
"Teknic 2ASL8LB-3PSRL- 3 Position illuminated Selector actuator with LED Bulb, Colour- Yellow, 24 V",Teknic Electric,Panel & Panel Accessories,Control & Signalling Devices,Illuminated Selector with LED,3 Position illuminated Selector actuator with LED Bulb,2ASL8LB-3PSRL,Metallic Series,2ASL8LB-3PSRL,,495,Piece,Each,1,"Teknic 2ASL8LB-3PSRL- 3 Position illuminated Selector actuator with LED Bulb, Colour- Yellow, 24 V",,,,,,Colour,Yellow,Voltage Rating,24 V,,,,,,,,,,,,,,,,,,,1724994133-Product-600.1.PNG,,,18%,,7 Days,,,,,,,1,8-10 Days,
"Teknic 2ASL1LB(S)-3PSRR- 3 Position illuminated Selector actuator with LED Bulb, Colour- White, 24 V",Teknic Electric,Panel & Panel Accessories,Control & Signalling Devices,Illuminated Selector with LED,3 Position illuminated Selector actuator with LED Bulb,2ASL1LB(S)-3PSRR,Metallic Series,2ASL1LB(S)-3PSRR,,735,Piece,Each,1,"Teknic 2ASL1LB(S)-3PSRR- 3 Position illuminated Selector actuator with LED Bulb, Colour- White, 24 V",,,,,,Colour,White,Voltage Rating,24 V,,,,,,,,,,,,,,,,,,,1724994133-Product-600.1.PNG,,,18%,,7 Days,,,,,,,1,8-10 Days,
"Teknic 2ASL3LB-3PSRR- 3 Position illuminated Selector actuator with LED Bulb, Colour- Green, 24 V",Teknic Electric,Panel & Panel Accessories,Control & Signalling Devices,Illuminated Selector with LED,3 Position illuminated Selector actuator with LED Bulb,2ASL3LB-3PSRR,Metallic Series,2ASL3LB-3PSRR,,495,Piece,Each,1,"Teknic 2ASL3LB-3PSRR- 3 Position illuminated Selector actuator with LED Bulb, Colour- Green, 24 V",,,,,,Colour,Green,Voltage Rating,24 V,,,,,,,,,,,,,,,,,,,1724994133-Product-600.1.PNG,,,18%,,7 Days,,,,,,,1,8-10 Days,
"Teknic 2ASL4LB-3PSRR- 3 Position illuminated Selector actuator with LED Bulb, Colour- Red, 24 V",Teknic Electric,Panel & Panel Accessories,Control & Signalling Devices,Illuminated Selector with LED,3 Position illuminated Selector actuator with LED Bulb,2ASL4LB-3PSRR,Metallic Series,2ASL4LB-3PSRR,,495,Piece,Each,1,"Teknic 2ASL4LB-3PSRR- 3 Position illuminated Selector actuator with LED Bulb, Colour- Red, 24 V",,,,,,Colour,Red,Voltage Rating,24 V,,,,,,,,,,,,,,,,,,,1724994133-Product-600.1.PNG,,,18%,,7 Days,,,,,,,1,8-10 Days,
"Teknic 2ASL5LB-3PSRR- 3 Position illuminated Selector actuator with LED Bulb, Colour- Amber, 24 V",Teknic Electric,Panel & Panel Accessories,Control & Signalling Devices,Illuminated Selector with LED,3 Position illuminated Selector actuator with LED Bulb,2ASL5LB-3PSRR,Metallic Series,2ASL5LB-3PSRR,,495,Piece,Each,1,"Teknic 2ASL5LB-3PSRR- 3 Position illuminated Selector actuator with LED Bulb, Colour- Amber, 24 V",,,,,,Colour,Amber,Voltage Rating,24 V,,,,,,,,,,,,,,,,,,,1724994133-Product-600.1.PNG,,,18%,,7 Days,,,,,,,1,8-10 Days,
"Teknic 2ASL6LB-3PSRR- 3 Position illuminated Selector actuator with LED Bulb, Colour- Blue, 24 V",Teknic Electric,Panel & Panel Accessories,Control & Signalling Devices,Illuminated Selector with LED,3 Position illuminated Selector actuator with LED Bulb,2ASL6LB-3PSRR,Metallic Series,2ASL6LB-3PSRR,,765,Piece,Each,1,"Teknic 2ASL6LB-3PSRR- 3 Position illuminated Selector actuator with LED Bulb, Colour- Blue, 24 V",,,,,,Colour,Blue,Voltage Rating,24 V,,,,,,,,,,,,,,,,,,,1724994133-Product-600.1.PNG,,,18%,,7 Days,,,,,,,1,8-10 Days,
"Teknic 2ASL7LB(S)-3PSRR- 3 Position illuminated Selector actuator with LED Bulb, Colour- White, 24 V",Teknic Electric,Panel & Panel Accessories,Control & Signalling Devices,Illuminated Selector with LED,3 Position illuminated Selector actuator with LED Bulb,2ASL7LB(S)-3PSRR,Metallic Series,2ASL7LB(S)-3PSRR,,735,Piece,Each,1,"Teknic 2ASL7LB(S)-3PSRR- 3 Position illuminated Selector actuator with LED Bulb, Colour- White, 24 V",,,,,,Colour,White,Voltage Rating,24 V,,,,,,,,,,,,,,,,,,,1724994133-Product-600.1.PNG,,,18%,,7 Days,,,,,,,1,8-10 Days,
"Teknic 2ASL8LB-3PSRR- 3 Position illuminated Selector actuator with LED Bulb, Colour- Yellow, 24 V",Teknic Electric,Panel & Panel Accessories,Control & Signalling Devices,Illuminated Selector with LED,3 Position illuminated Selector actuator with LED Bulb,2ASL8LB-3PSRR,Metallic Series,2ASL8LB-3PSRR,,495,Piece,Each,1,"Teknic 2ASL8LB-3PSRR- 3 Position illuminated Selector actuator with LED Bulb, Colour- Yellow, 24 V",,,,,,Colour,Yellow,Voltage Rating,24 V,,,,,,,,,,,,,,,,,,,1724994133-Product-600.1.PNG,,,18%,,7 Days,,,,,,,1,8-10 Days,
"Teknic 2PLB1- Pilot Lights Direct Connection w/o Bulb, White, 130 V AC",Teknic Electric,Panel & Panel Accessories,Control & Signalling Devices,Pilot Lights with Filament Bullb,"Pilot Lights with Filament Bullb, Direct Connection w/o Bulb",2PLB1,Metallic Series,2PLB1,,170,Piece,Each,1,"Teknic 2PLB1- Pilot Lights Direct Connection w/o Bulb, White, 130 V AC",,,,,,Colour,White,Voltage Rating,130 V,,,,,,,,,,,,,,,,,,,1724997997-Product-16.1.PNG,,,18%,,7 Days,,,,,,,3,8-10 Days,
"Teknic 2PLB3- Pilot Lights Direct Connection w/o Bulb, Green, 130 V AC",Teknic Electric,Panel & Panel Accessories,Control & Signalling Devices,Pilot Lights with Filament Bullb,"Pilot Lights with Filament Bullb, Direct Connection w/o Bulb",2PLB3,Metallic Series,2PLB3,,170,Piece,Each,1,"Teknic 2PLB3- Pilot Lights Direct Connection w/o Bulb, Green, 130 V AC",,,,,,Colour,Green,Voltage Rating,130 V,,,,,,,,,,,,,,,,,,,1724997997-Product-16.1.PNG,,,18%,,7 Days,,,,,,,3,8-10 Days,
"Teknic 2PLB4- Pilot Lights Direct Connection w/o Bulb, Red, 130 V AC",Teknic Electric,Panel & Panel Accessories,Control & Signalling Devices,Pilot Lights with Filament Bullb,"Pilot Lights with Filament Bullb, Direct Connection w/o Bulb",2PLB4,Metallic Series,2PLB4,,170,Piece,Each,1,"Teknic 2PLB4- Pilot Lights Direct Connection w/o Bulb, Red, 130 V AC",,,,,,Colour,Red,Voltage Rating,130 V,,,,,,,,,,,,,,,,,,,1724997997-Product-16.1.PNG,,,18%,,7 Days,,,,,,,3,8-10 Days,
"Teknic 2PLB5- Pilot Lights Direct Connection w/o Bulb, Amber, 130 V AC",Teknic Electric,Panel & Panel Accessories,Control & Signalling Devices,Pilot Lights with Filament Bullb,"Pilot Lights with Filament Bullb, Direct Connection w/o Bulb",2PLB5,Metallic Series,2PLB5,,170,Piece,Each,1,"Teknic 2PLB5- Pilot Lights Direct Connection w/o Bulb, Amber, 130 V AC",,,,,,Colour,Amber,Voltage Rating,130 V,,,,,,,,,,,,,,,,,,,1724997997-Product-16.1.PNG,,,18%,,7 Days,,,,,,,3,8-10 Days,
"Teknic 2PLB6- Pilot Lights Direct Connection w/o Bulb, Blue, 130 V AC",Teknic Electric,Panel & Panel Accessories,Control & Signalling Devices,Pilot Lights with Filament Bullb,"Pilot Lights with Filament Bullb, Direct Connection w/o Bulb",2PLB6,Metallic Series,2PLB6,,170,Piece,Each,1,"Teknic 2PLB6- Pilot Lights Direct Connection w/o Bulb, Blue, 130 V AC",,,,,,Colour,Blue,Voltage Rating,130 V,,,,,,,,,,,,,,,,,,,1724997997-Product-16.1.PNG,,,18%,,7 Days,,,,,,,3,8-10 Days,
"Teknic 2PLB7- Pilot Lights Direct Connection w/o Bulb, Clear, 130 V AC",Teknic Electric,Panel & Panel Accessories,Control & Signalling Devices,Pilot Lights with Filament Bullb,"Pilot Lights with Filament Bullb, Direct Connection w/o Bulb",2PLB7,Metallic Series,2PLB7,,170,Piece,Each,1,"Teknic 2PLB7- Pilot Lights Direct Connection w/o Bulb, Clear, 130 V AC",,,,,,Colour,Clear,Voltage Rating,130 V,,,,,,,,,,,,,,,,,,,1724997997-Product-16.1.PNG,,,18%,,7 Days,,,,,,,3,8-10 Days,
"Teknic 2PLB8- Pilot Lights Direct Connection w/o Bulb, Yellow, 130 V AC",Teknic Electric,Panel & Panel Accessories,Control & Signalling Devices,Pilot Lights with Filament Bullb,"Pilot Lights with Filament Bullb, Direct Connection w/o Bulb",2PLB8,Metallic Series,2PLB8,,170,Piece,Each,1,"Teknic 2PLB8- Pilot Lights Direct Connection w/o Bulb, Yellow, 130 V AC",,,,,,Colour,Yellow,Voltage Rating,130 V,,,,,,,,,,,,,,,,,,,1724997997-Product-16.1.PNG,,,18%,,7 Days,,,,,,,3,8-10 Days,
"Teknic 2PLBR1- Pilot Lights Connection with Resistor w/o Bulb, White, 230 V AC",Teknic Electric,Panel & Panel Accessories,Control & Signalling Devices,Pilot Lights with Filament Bullb,"Pilot Lights with Filament Bullb, Connection with Resistor w/o Bulb",2PLBR1,Metallic Series,2PLBR1,,205,Piece,Each,1,"Teknic 2PLBR1- Pilot Lights Connection with Resistor w/o Bulb, White, 230 V AC",,,,,,Colour,White,Voltage Rating,130 V,,,,,,,,,,,,,,,,,,,1724998400-Product-16.2.PNG,,,18%,,7 Days,,,,,,,2,8-10 Days,
"Teknic 2PLBR3- Pilot Lights Connection with Resistor w/o Bulb, Green, 230 V AC",Teknic Electric,Panel & Panel Accessories,Control & Signalling Devices,Pilot Lights with Filament Bullb,"Pilot Lights with Filament Bullb, Connection with Resistor w/o Bulb",2PLBR3,Metallic Series,2PLBR3,,205,Piece,Each,1,"Teknic 2PLBR3- Pilot Lights Connection with Resistor w/o Bulb, Green, 230 V AC",,,,,,Colour,Green,Voltage Rating,130 V,,,,,,,,,,,,,,,,,,,1724998400-Product-16.2.PNG,,,18%,,7 Days,,,,,,,2,8-10 Days,
"Teknic 2PLBR4- Pilot Lights Connection with Resistor w/o Bulb, Red, 230 V AC",Teknic Electric,Panel & Panel Accessories,Control & Signalling Devices,Pilot Lights with Filament Bullb,"Pilot Lights with Filament Bullb, Connection with Resistor w/o Bulb",2PLBR4,Metallic Series,2PLBR4,,205,Piece,Each,1,"Teknic 2PLBR4- Pilot Lights Connection with Resistor w/o Bulb, Red, 230 V AC",,,,,,Colour,Red,Voltage Rating,130 V,,,,,,,,,,,,,,,,,,,1724998400-Product-16.2.PNG,,,18%,,7 Days,,,,,,,2,8-10 Days,
"Teknic 2PLBR5- Pilot Lights Connection with Resistor w/o Bulb, Amber, 230 V AC",Teknic Electric,Panel & Panel Accessories,Control & Signalling Devices,Pilot Lights with Filament Bullb,"Pilot Lights with Filament Bullb, Connection with Resistor w/o Bulb",2PLBR5,Metallic Series,2PLBR5,,205,Piece,Each,1,"Teknic 2PLBR5- Pilot Lights Connection with Resistor w/o Bulb, Amber, 230 V AC",,,,,,Colour,Amber,Voltage Rating,130 V,,,,,,,,,,,,,,,,,,,1724998400-Product-16.2.PNG,,,18%,,7 Days,,,,,,,2,8-10 Days,
"Teknic 2PLBR6- Pilot Lights Connection with Resistor w/o Bulb, Blue, 230 V AC",Teknic Electric,Panel & Panel Accessories,Control & Signalling Devices,Pilot Lights with Filament Bullb,"Pilot Lights with Filament Bullb, Connection with Resistor w/o Bulb",2PLBR6,Metallic Series,2PLBR6,,205,Piece,Each,1,"Teknic 2PLBR6- Pilot Lights Connection with Resistor w/o Bulb, Blue, 230 V AC",,,,,,Colour,Blue,Voltage Rating,130 V,,,,,,,,,,,,,,,,,,,1724998400-Product-16.2.PNG,,,18%,,7 Days,,,,,,,2,8-10 Days,
"Teknic 2PLBR7- Pilot Lights Connection with Resistor w/o Bulb, Clear, 230 V AC",Teknic Electric,Panel & Panel Accessories,Control & Signalling Devices,Pilot Lights with Filament Bullb,"Pilot Lights with Filament Bullb, Connection with Resistor w/o Bulb",2PLBR7,Metallic Series,2PLBR7,,205,Piece,Each,1,"Teknic 2PLBR7- Pilot Lights Connection with Resistor w/o Bulb, Clear, 230 V AC",,,,,,Colour,Clear,Voltage Rating,130 V,,,,,,,,,,,,,,,,,,,1724998400-Product-16.2.PNG,,,18%,,7 Days,,,,,,,2,8-10 Days,
"Teknic 2PLBR8- Pilot Lights Connection with Resistor w/o Bulb, Yellow, 230 V AC",Teknic Electric,Panel & Panel Accessories,Control & Signalling Devices,Pilot Lights with Filament Bullb,"Pilot Lights with Filament Bullb, Connection with Resistor w/o Bulb",2PLBR8,Metallic Series,2PLBR8,,205,Piece,Each,1,"Teknic 2PLBR8- Pilot Lights Connection with Resistor w/o Bulb, Yellow, 230 V AC",,,,,,Colour,Yellow,Voltage Rating,130 V,,,,,,,,,,,,,,,,,,,1724998400-Product-16.2.PNG,,,18%,,7 Days,,,,,,,2,8-10 Days,
"Teknic 2PLBT1XX/ YYY- Pilot Lights With Bulb,Connection with Transformer, White, 230 V",Teknic Electric,Panel & Panel Accessories,Control & Signalling Devices,Pilot Lights with Filament Bullb,"Pilot Lights with Filament Bullb, Connection with transformer with Bulb",2PLBT1XX/YYY,Metallic Series,2PLBT1XX/YYY,,515,Piece,Each,1,"Teknic 2PLBT1XX/ YYY- Pilot Lights With Bulb,Connection with Transformer, White, 230 V",,,,,,Colour,White,Voltage Rating,230 V,,,,,,,,,,,,,,,,,,,1724998898-Product-16.3.PNG,,,18%,,7 Days,,,,,,,1,8-10 Days,
"Teknic 2PLBT3XX/ YYY- Pilot Lights With Bulb,Connection with Transformer, Green, 230 V",Teknic Electric,Panel & Panel Accessories,Control & Signalling Devices,Pilot Lights with Filament Bullb,"Pilot Lights with Filament Bullb, Connection with transformer with Bulb",2PLBT3XX/YYY,Metallic Series,2PLBT3XX/YYY,,515,Piece,Each,1,"Teknic 2PLBT3XX/ YYY- Pilot Lights With Bulb,Connection with Transformer, Green, 230 V",,,,,,Colour,Green,Voltage Rating,230 V,,,,,,,,,,,,,,,,,,,1724998898-Product-16.3.PNG,,,18%,,7 Days,,,,,,,1,8-10 Days,
"Teknic 2PLBT4XX/ YYY- Pilot Lights With Bulb,Connection with Transformer, Red, 230 V",Teknic Electric,Panel & Panel Accessories,Control & Signalling Devices,Pilot Lights with Filament Bullb,"Pilot Lights with Filament Bullb, Connection with transformer with Bulb",2PLBT4XX/YYY,Metallic Series,2PLBT4XX/YYY,,515,Piece,Each,1,"Teknic 2PLBT4XX/ YYY- Pilot Lights With Bulb,Connection with Transformer, Red, 230 V",,,,,,Colour,Red,Voltage Rating,230 V,,,,,,,,,,,,,,,,,,,1724998898-Product-16.3.PNG,,,18%,,7 Days,,,,,,,1,8-10 Days,
"Teknic 2PLBT5XX/ YYY- Pilot Lights With Bulb,Connection with Transformer, Amber 230 V",Teknic Electric,Panel & Panel Accessories,Control & Signalling Devices,Pilot Lights with Filament Bullb,"Pilot Lights with Filament Bullb, Connection with transformer with Bulb",2PLBT5XX/YYY,Metallic Series,2PLBT5XX/YYY,,515,Piece,Each,1,"Teknic 2PLBT5XX/ YYY- Pilot Lights With Bulb,Connection with Transformer, Amber 230 V",,,,,,Colour,Amber,Voltage Rating,230 V,,,,,,,,,,,,,,,,,,,1724998898-Product-16.3.PNG,,,18%,,7 Days,,,,,,,1,8-10 Days,
"Teknic 2PLBT6XX/ YYY- Pilot Lights With Bulb,Connection with Transformer, Blue, 230 V",Teknic Electric,Panel & Panel Accessories,Control & Signalling Devices,Pilot Lights with Filament Bullb,"Pilot Lights with Filament Bullb, Connection with transformer with Bulb",2PLBT6XX/YYY,Metallic Series,2PLBT6XX/YYY,,515,Piece,Each,1,"Teknic 2PLBT6XX/ YYY- Pilot Lights With Bulb,Connection with Transformer, Blue, 230 V",,,,,,Colour,Blue,Voltage Rating,230 V,,,,,,,,,,,,,,,,,,,1724998898-Product-16.3.PNG,,,18%,,7 Days,,,,,,,1,8-10 Days,
"Teknic 2PLBT7XX/ YYY- Pilot Lights With Bulb,Connection with Transformer, Clear, 230 V",Teknic Electric,Panel & Panel Accessories,Control & Signalling Devices,Pilot Lights with Filament Bullb,"Pilot Lights with Filament Bullb, Connection with transformer with Bulb",2PLBT7XX/YYY,Metallic Series,2PLBT7XX/YYY,,515,Piece,Each,1,"Teknic 2PLBT7XX/ YYY- Pilot Lights With Bulb,Connection with Transformer, Clear, 230 V",,,,,,Colour,Clear,Voltage Rating,230 V,,,,,,,,,,,,,,,,,,,1724998898-Product-16.3.PNG,,,18%,,7 Days,,,,,,,1,8-10 Days,
"Teknic 2PLBT8XX/ YYY- Pilot Lights With Bulb,Connection with Transformer, Yellow, 230 V",Teknic Electric,Panel & Panel Accessories,Control & Signalling Devices,Pilot Lights with Filament Bullb,"Pilot Lights with Filament Bullb, Connection with transformer with Bulb",2PLBT8XX/YYY,Metallic Series,2PLBT8XX/YYY,,515,Piece,Each,1,"Teknic 2PLBT8XX/ YYY- Pilot Lights With Bulb,Connection with Transformer, Yellow, 230 V",,,,,,Colour,Yellow,Voltage Rating,230 V,,,,,,,,,,,,,,,,,,,1724998898-Product-16.3.PNG,,,18%,,7 Days,,,,,,,1,8-10 Days,
"Teknic 2PLBR1L(S)- Pilot Lights with lens, White, 230 V AC",Teknic Electric,Panel & Panel Accessories,Control & Signalling Devices,Pilot Lights,Pilot Light with Integral LED,2PLBR1L(S),Metallic Series,2PLBR1L(S),,415,Piece,Each,1,"Teknic 2PLBR1L(S)- Pilot Lights with lens, White, 230 V AC",,,,,,Colour,White,Voltage Rating,230 V,,,,,,,,,,,,,,,,,,,1725000270-Product-17.1.PNG,,,18%,,7 Days,,,,,,,,8-10 Days,
"Teknic 2PLBR3L(S)- Pilot Lights with lens, Green, 230 V AC",Teknic Electric,Panel & Panel Accessories,Control & Signalling Devices,Pilot Lights,Pilot Light with Integral LED,2PLBR3L,Metallic Series,2PLBR3L,,245,Piece,Each,1,"Teknic 2PLBR3L(S)- Pilot Lights with lens, Green, 230 V AC",,,,,,Colour,Green,Voltage Rating,230 V,,,,,,,,,,,,,,,,,,,1725000270-Product-17.1.PNG,,,18%,,7 Days,,,,,,,,8-10 Days,
"Teknic 2PLBR4L(S)- Pilot Lights with lens, Red, 230 V AC",Teknic Electric,Panel & Panel Accessories,Control & Signalling Devices,Pilot Lights,Pilot Light with Integral LED,2PLBR4L,Metallic Series,2PLBR4L,,245,Piece,Each,1,"Teknic 2PLBR4L(S)- Pilot Lights with lens, Red, 230 V AC",,,,,,Colour,Red,Voltage Rating,230 V,,,,,,,,,,,,,,,,,,,1725000270-Product-17.1.PNG,,,18%,,7 Days,,,,,,,,8-10 Days,
"Teknic 2PLBR5L(S)- Pilot Lights with lens, Amber, 230 V AC",Teknic Electric,Panel & Panel Accessories,Control & Signalling Devices,Pilot Lights,Pilot Light with Integral LED,2PLBR5L,Metallic Series,2PLBR5L,,245,Piece,Each,1,"Teknic 2PLBR5L(S)- Pilot Lights with lens, Amber, 230 V AC",,,,,,Colour,Amber,Voltage Rating,230 V,,,,,,,,,,,,,,,,,,,1725000270-Product-17.1.PNG,,,18%,,7 Days,,,,,,,,8-10 Days,
"Teknic 2PLBR6L(S)- Pilot Lights with lens, Blue, 230 V AC",Teknic Electric,Panel & Panel Accessories,Control & Signalling Devices,Pilot Lights,Pilot Light with Integral LED,2PLBR6L,Metallic Series,2PLBR6L,,550,Piece,Each,1,"Teknic 2PLBR6L(S)- Pilot Lights with lens, Blue, 230 V AC",,,,,,Colour,Blue,Voltage Rating,230 V,,,,,,,,,,,,,,,,,,,1725000270-Product-17.1.PNG,,,18%,,7 Days,,,,,,,,8-10 Days,
"Teknic 2PLBR7L(S)- Pilot Lights with lens, White, 230 V AC",Teknic Electric,Panel & Panel Accessories,Control & Signalling Devices,Pilot Lights,Pilot Light with Integral LED,2PLBR7L(S),Metallic Series,2PLBR7L(S),,415,Piece,Each,1,"Teknic 2PLBR7L(S)- Pilot Lights with lens, White, 230 V AC",,,,,,Colour,Clear,Voltage Rating,230 V,,,,,,,,,,,,,,,,,,,1725000270-Product-17.1.PNG,,,18%,,7 Days,,,,,,,,8-10 Days,
"Teknic 2PLBR8L(S)- Pilot Lights with lens, Yellow, 230 V AC",Teknic Electric,Panel & Panel Accessories,Control & Signalling Devices,Pilot Lights,Pilot Light with Integral LED,2PLBR8L,Metallic Series,2PLBR8L,,245,Piece,Each,1,"Teknic 2PLBR8L(S)- Pilot Lights with lens, Yellow, 230 V AC",,,,,,Colour,Yellow,Voltage Rating,230 V,,,,,,,,,,,,,,,,,,,1725000270-Product-17.1.PNG,,,18%,,7 Days,,,,,,,,8-10 Days,
"Teknic 2PLBR1LF(S)- Pilot Lights with lens, White, 230 V AC",Teknic Electric,Panel & Panel Accessories,Control & Signalling Devices,Pilot Lights,"Pilot Light with Integral LED, Flasher",2PLBR1LF(S),Metallic Series,2PLBR1LF(S),,415,Piece,Each,1,"Teknic 2PLBR1LF(S)- Pilot Lights with lens, White, 230 V AC",,,,,,Colour,White,Voltage Rating,230 V,,,,,,,,,,,,,,,,,,,1725000278-Product-17.2.PNG,,,18%,,7 Days,,,,,,,1,8-10 Days,
"Teknic 2PLBR3LF- Pilot Lights with lens, Green, 230 V AC",Teknic Electric,Panel & Panel Accessories,Control & Signalling Devices,Pilot Lights,"Pilot Light with Integral LED, Flasher",2PLBR3LF,Metallic Series,2PLBR3LF,,245,Piece,Each,1,"Teknic 2PLBR3LF- Pilot Lights with lens, Green, 230 V AC",,,,,,Colour,Green,Voltage Rating,230 V,,,,,,,,,,,,,,,,,,,1725000278-Product-17.2.PNG,,,18%,,7 Days,,,,,,,2,8-10 Days,
"Teknic 2PLBR4LF- Pilot Lights with lens, Red, 230 V AC",Teknic Electric,Panel & Panel Accessories,Control & Signalling Devices,Pilot Lights,"Pilot Light with Integral LED, Flasher",2PLBR4LF,Metallic Series,2PLBR4LF,,245,Piece,Each,1,"Teknic 2PLBR4LF- Pilot Lights with lens, Red, 230 V AC",,,,,,Colour,Red,Voltage Rating,230 V,,,,,,,,,,,,,,,,,,,1725000278-Product-17.2.PNG,,,18%,,7 Days,,,,,,,2,8-10 Days,
"Teknic 2PLBR5LF- Pilot Lights with lens, Amber, 230 V AC",Teknic Electric,Panel & Panel Accessories,Control & Signalling Devices,Pilot Lights,"Pilot Light with Integral LED, Flasher",2PLBR5LF,Metallic Series,2PLBR5LF,,245,Piece,Each,1,"Teknic 2PLBR5LF- Pilot Lights with lens, Amber, 230 V AC",,,,,,Colour,Amber,Voltage Rating,230 V,,,,,,,,,,,,,,,,,,,1725000278-Product-17.2.PNG,,,18%,,7 Days,,,,,,,2,8-10 Days,
"Teknic 2PLBR6LF- Pilot Lights with lens, Blue, 230 V AC",Teknic Electric,Panel & Panel Accessories,Control & Signalling Devices,Pilot Lights,"Pilot Light with Integral LED, Flasher",2PLBR6LF,Metallic Series,2PLBR6LF,,550,Piece,Each,1,"Teknic 2PLBR6LF- Pilot Lights with lens, Blue, 230 V AC",,,,,,Colour,Blue,Voltage Rating,230 V,,,,,,,,,,,,,,,,,,,1725000278-Product-17.2.PNG,,,18%,,7 Days,,,,,,,1,8-10 Days,
"Teknic 2PLBR7LF(S)- Pilot Lights with lens, White, 230 V AC",Teknic Electric,Panel & Panel Accessories,Control & Signalling Devices,Pilot Lights,"Pilot Light with Integral LED, Flasher",2PLBR7LF(S),Metallic Series,2PLBR7LF(S),,415,Piece,Each,1,"Teknic 2PLBR7LF(S)- Pilot Lights with lens, White, 230 V AC",,,,,,Colour,Clear,Voltage Rating,230 V,,,,,,,,,,,,,,,,,,,1725000278-Product-17.2.PNG,,,18%,,7 Days,,,,,,,1,8-10 Days,
"Teknic 2PLBR8LF- Pilot Lights with lens, Yellow, 230 V AC",Teknic Electric,Panel & Panel Accessories,Control & Signalling Devices,Pilot Lights,"Pilot Light with Integral LED, Flasher",2PLBR8LF,Metallic Series,2PLBR8LF,,245,Piece,Each,1,"Teknic 2PLBR8LF- Pilot Lights with lens, Yellow, 230 V AC",,,,,,Colour,Yellow,Voltage Rating,230 V,,,,,,,,,,,,,,,,,,,1725000278-Product-17.2.PNG,,,18%,,7 Days,,,,,,,2,8-10 Days,
"Teknic 2PLBR1LU(S)- Pilot Lights, White, 240 V",Teknic Electric,Panel & Panel Accessories,Control & Signalling Devices,Pilot Lights,"Pilot Light with Integral LED, universal",2PLBR1LU(S),Metallic Series,2PLBR1LU(S),,570,Piece,Each,1,"Teknic 2PLBR1LU(S)- Pilot Lights, White, 240 V",,,,,,Colour,White,Voltage Rating,240 V,,,,,,,,,,,,,,,,,,,1725000287-Product-17.3.PNG,,,18%,,7 Days,,,,,,,1,8-10 Days,
"Teknic 2PLBR3LU- Pilot Lights, Green, 240 V",Teknic Electric,Panel & Panel Accessories,Control & Signalling Devices,Pilot Lights,"Pilot Light with Integral LED, universal",2PLBR3LU,Metallic Series,2PLBR3LU,,440,Piece,Each,1,"Teknic 2PLBR3LU- Pilot Lights, Green, 240 V",,,,,,Colour,Green,Voltage Rating,240 V,,,,,,,,,,,,,,,,,,,1725000287-Product-17.3.PNG,,,18%,,7 Days,,,,,,,1,8-10 Days,
"Teknic 2PLBR4LU- Pilot Lights, Red, 240 V",Teknic Electric,Panel & Panel Accessories,Control & Signalling Devices,Pilot Lights,"Pilot Light with Integral LED, universal",2PLBR4LU,Metallic Series,2PLBR4LU,,440,Piece,Each,1,"Teknic 2PLBR4LU- Pilot Lights, Red, 240 V",,,,,,Colour,Red,Voltage Rating,240 V,,,,,,,,,,,,,,,,,,,1725000287-Product-17.3.PNG,,,18%,,7 Days,,,,,,,1,8-10 Days,
"Teknic 2PLBR5LU- Pilot Lights, Amber, 240 V",Teknic Electric,Panel & Panel Accessories,Control & Signalling Devices,Pilot Lights,"Pilot Light with Integral LED, universal",2PLBR5LU,Metallic Series,2PLBR5LU,,440,Piece,Each,1,"Teknic 2PLBR5LU- Pilot Lights, Amber, 240 V",,,,,,Colour,Amber,Voltage Rating,240 V,,,,,,,,,,,,,,,,,,,1725000287-Product-17.3.PNG,,,18%,,7 Days,,,,,,,1,8-10 Days,
"Teknic 2PLBR6LU- Pilot Lights, Blue, 240 V",Teknic Electric,Panel & Panel Accessories,Control & Signalling Devices,Pilot Lights,"Pilot Light with Integral LED, universal",2PLBR6LU,Metallic Series,2PLBR6LU,,685,Piece,Each,1,"Teknic 2PLBR6LU- Pilot Lights, Blue, 240 V",,,,,,Colour,Blue,Voltage Rating,240 V,,,,,,,,,,,,,,,,,,,1725000287-Product-17.3.PNG,,,18%,,7 Days,,,,,,,1,8-10 Days,
"Teknic 2PLBR7LU(S)- Pilot Lights, White, 240 V",Teknic Electric,Panel & Panel Accessories,Control & Signalling Devices,Pilot Lights,"Pilot Light with Integral LED, universal",2PLBR7LU(S),Metallic Series,2PLBR7LU(S),,570,Piece,Each,1,"Teknic 2PLBR7LU(S)- Pilot Lights, White, 240 V",,,,,,Colour,Clear,Voltage Rating,240 V,,,,,,,,,,,,,,,,,,,1725000287-Product-17.3.PNG,,,18%,,7 Days,,,,,,,1,8-10 Days,
"Teknic 2PLBR8LU- Pilot Lights, Yellow, 240 V",Teknic Electric,Panel & Panel Accessories,Control & Signalling Devices,Pilot Lights,"Pilot Light with Integral LED, universal",2PLBR8LU,Metallic Series,2PLBR8LU,,440,Piece,Each,1,"Teknic 2PLBR8LU- Pilot Lights, Yellow, 240 V",,,,,,Colour,Yellow,Voltage Rating,240 V,,,,,,,,,,,,,,,,,,,1725000287-Product-17.3.PNG,,,18%,,7 Days,,,,,,,1,8-10 Days,
"Teknic 2PLBR1L(S)- Pilot Lights with lens, White, 230 V AC",Teknic Electric,Panel & Panel Accessories,Control & Signalling Devices,Pilot Lights,Pilot Light with Integral LED,2PLBR1L(S),Metallic Series,2PLBR1L(S),,475,Piece,Each,1,"Teknic 2PLBR1L(S)- Pilot Lights with lens, White, 230 V AC",,,,,,Colour,White,Voltage Rating,230 V,,,,,,,,,,,,,,,,,,,1725000416-Product-17.4.PNG,,,18%,,7 Days,,,,,,,1,8-10 Days,
"Teknic 2PLBR3L- Pilot Lights with lens, Green, 230 V AC",Teknic Electric,Panel & Panel Accessories,Control & Signalling Devices,Pilot Lights,Pilot Light with Integral LED,2PLBR3L,Metallic Series,2PLBR3L,,305,Piece,Each,1,"Teknic 2PLBR3L- Pilot Lights with lens, Green, 230 V AC",,,,,,Colour,Green,Voltage Rating,230 V,,,,,,,,,,,,,,,,,,,1725000416-Product-17.4.PNG,,,18%,,7 Days,,,,,,,1,8-10 Days,
"Teknic 2PLBR4L- Pilot Lights with lens, Red, 230 V AC",Teknic Electric,Panel & Panel Accessories,Control & Signalling Devices,Pilot Lights,Pilot Light with Integral LED,2PLBR4L,Metallic Series,2PLBR4L,,305,Piece,Each,1,"Teknic 2PLBR4L- Pilot Lights with lens, Red, 230 V AC",,,,,,Colour,Red,Voltage Rating,230 V,,,,,,,,,,,,,,,,,,,1725000416-Product-17.4.PNG,,,18%,,7 Days,,,,,,,1,8-10 Days,
"Teknic 2PLBR5L- Pilot Lights with lens, Amber, 230 V AC",Teknic Electric,Panel & Panel Accessories,Control & Signalling Devices,Pilot Lights,Pilot Light with Integral LED,2PLBR5L,Metallic Series,2PLBR5L,,305,Piece,Each,1,"Teknic 2PLBR5L- Pilot Lights with lens, Amber, 230 V AC",,,,,,Colour,Amber,Voltage Rating,230 V,,,,,,,,,,,,,,,,,,,1725000416-Product-17.4.PNG,,,18%,,7 Days,,,,,,,1,8-10 Days,
"Teknic 2PLBR6L- Pilot Lights with lens, Blue, 230 V AC",Teknic Electric,Panel & Panel Accessories,Control & Signalling Devices,Pilot Lights,Pilot Light with Integral LED,2PLBR6L,Metallic Series,2PLBR6L,,605,Piece,Each,1,"Teknic 2PLBR6L- Pilot Lights with lens, Blue, 230 V AC",,,,,,Colour,Blue,Voltage Rating,230 V,,,,,,,,,,,,,,,,,,,1725000416-Product-17.4.PNG,,,18%,,7 Days,,,,,,,1,8-10 Days,
"Teknic 2PLBR7L(S)- Pilot Lights with lens, White, 230 V AC",Teknic Electric,Panel & Panel Accessories,Control & Signalling Devices,Pilot Lights,Pilot Light with Integral LED,2PLBR7L(S),Metallic Series,2PLBR7L(S),,475,Piece,Each,1,"Teknic 2PLBR7L(S)- Pilot Lights with lens, White, 230 V AC",,,,,,Colour,Clear,Voltage Rating,230 V,,,,,,,,,,,,,,,,,,,1725000416-Product-17.4.PNG,,,18%,,7 Days,,,,,,,1,8-10 Days,
"Teknic 2PLBR8L- Pilot Lights with lens, Yellow, 230 V AC",Teknic Electric,Panel & Panel Accessories,Control & Signalling Devices,Pilot Lights,Pilot Light with Integral LED,2PLBR8L,Metallic Series,2PLBR8L,,305,Piece,Each,1,"Teknic 2PLBR8L- Pilot Lights with lens, Yellow, 230 V AC",,,,,,Colour,Yellow,Voltage Rating,230 V,,,,,,,,,,,,,,,,,,,1725000416-Product-17.4.PNG,,,18%,,7 Days,,,,,,,1,8-10 Days,
"Teknic 2PLB1LB(S)- Pilot Lights, White, 230 V AC",Teknic Electric,Panel & Panel Accessories,Control & Signalling Devices,Pilot Lights,Pilot Light with Integral LED Bulb,2PLB1LB(S),Metallic Series,2PLB1LB(S),,470,Piece,Each,1,"Teknic 2PLB1LB(S)- Pilot Lights, White, 230 V AC",,,,,,Colour,White,Voltage Rating,230 V,,,,,,,,,,,,,,,,,,,1725000456-Product-17.5.PNG,,,18%,,7 Days,,,,,,,1,8-10 Days,
"Teknic 2PLB3LB- Pilot Lights, Green, 230 V AC",Teknic Electric,Panel & Panel Accessories,Control & Signalling Devices,Pilot Lights,Pilot Light with Integral LED Bulb,2PLB3LB,Metallic Series,2PLB3LB,,245,Piece,Each,1,"Teknic 2PLB3LB- Pilot Lights, Green, 230 V AC",,,,,,Colour,Green,Voltage Rating,230 V,,,,,,,,,,,,,,,,,,,1725000456-Product-17.5.PNG,,,18%,,7 Days,,,,,,,2,8-10 Days,
"Teknic 2PLB4LB- Pilot Lights, Red, 230 V AC",Teknic Electric,Panel & Panel Accessories,Control & Signalling Devices,Pilot Lights,Pilot Light with Integral LED Bulb,2PLB4LB,Metallic Series,2PLB4LB,,245,Piece,Each,1,"Teknic 2PLB4LB- Pilot Lights, Red, 230 V AC",,,,,,Colour,Red,Voltage Rating,230 V,,,,,,,,,,,,,,,,,,,1725000456-Product-17.5.PNG,,,18%,,7 Days,,,,,,,2,8-10 Days,
"Teknic 2PLB5LB- Pilot Lights, Amber, 230 V AC",Teknic Electric,Panel & Panel Accessories,Control & Signalling Devices,Pilot Lights,Pilot Light with Integral LED Bulb,2PLB5LB,Metallic Series,2PLB5LB,,245,Piece,Each,1,"Teknic 2PLB5LB- Pilot Lights, Amber, 230 V AC",,,,,,Colour,Amber,Voltage Rating,230 V,,,,,,,,,,,,,,,,,,,1725000456-Product-17.5.PNG,,,18%,,7 Days,,,,,,,2,8-10 Days,
"Teknic 2PLB6LB- Pilot Lights, Blue, 230 V AC",Teknic Electric,Panel & Panel Accessories,Control & Signalling Devices,Pilot Lights,Pilot Light with Integral LED Bulb,2PLB6LB,Metallic Series,2PLB6LB,,500,Piece,Each,1,"Teknic 2PLB6LB- Pilot Lights, Blue, 230 V AC",,,,,,Colour,Blue,Voltage Rating,230 V,,,,,,,,,,,,,,,,,,,1725000456-Product-17.5.PNG,,,18%,,7 Days,,,,,,,1,8-10 Days,
"Teknic 2PLB7LB(S)- Pilot Lights, White, 230 V AC",Teknic Electric,Panel & Panel Accessories,Control & Signalling Devices,Pilot Lights,Pilot Light with Integral LED Bulb,2PLB7LB(S),Metallic Series,2PLB7LB(S),,470,Piece,Each,1,"Teknic 2PLB7LB(S)- Pilot Lights, White, 230 V AC",,,,,,Colour,Clear,Voltage Rating,230 V,,,,,,,,,,,,,,,,,,,1725000456-Product-17.5.PNG,,,18%,,7 Days,,,,,,,1,8-10 Days,
"Teknic 2PLB8LB- Pilot Lights, Yellow, 230 V AC",Teknic Electric,Panel & Panel Accessories,Control & Signalling Devices,Pilot Lights,Pilot Light with Integral LED Bulb,2PLB8LB,Metallic Series,2PLB8LB,,245,Piece,Each,1,"Teknic 2PLB8LB- Pilot Lights, Yellow, 230 V AC",,,,,,Colour,Yellow,Voltage Rating,230 V,,,,,,,,,,,,,,,,,,,1725000456-Product-17.5.PNG,,,18%,,7 Days,,,,,,,2,8-10 Days,
"Teknic 2PLBT1LB(S)XX/YYY- Pilot Light, White LED Bulb and White Lens Led",Teknic Electric,Panel & Panel Accessories,Control & Signalling Devices,Pilot Lights,"Pilot Light with Integral LED, Connection with Transformer",2PLBT1LB(S)XX / YYY,Metallic Series,2PLBT1LB(S)XX / YYY,,765,Piece,Each,1,"Teknic 2PLBT1LB(S)XX/YYY- Pilot Light, White LED Bulb and White Lens Led",,,,,,Colour,White,,,,,,,,,,,,,,,,,,,,,1725000466-Product-17.6.PNG,,,18%,,7 Days,,,,,,,1,8-10 Days,
"Teknic 2PLBT3LBXX/YYY- Pilot Light, Green LED Bulb and Green Lens Led",Teknic Electric,Panel & Panel Accessories,Control & Signalling Devices,Pilot Lights,"Pilot Light with Integral LED, Connection with Transformer",2PLBT3LBXX / YYY,Metallic Series,2PLBT3LBXX / YYY,,530,Piece,Each,1,"Teknic 2PLBT3LBXX/YYY- Pilot Light, Green LED Bulb and Green Lens Led",,,,,,Colour,Green,,,,,,,,,,,,,,,,,,,,,1725000466-Product-17.6.PNG,,,18%,,7 Days,,,,,,,1,8-10 Days,
"Teknic 2PLBT4LBXX/YYY- Pilot Light, Red LED Bulb and Red Lens Led",Teknic Electric,Panel & Panel Accessories,Control & Signalling Devices,Pilot Lights,"Pilot Light with Integral LED, Connection with Transformer",2PLBT4LBXX / YYY,Metallic Series,2PLBT4LBXX / YYY,,530,Piece,Each,1,"Teknic 2PLBT4LBXX/YYY- Pilot Light, Red LED Bulb and Red Lens Led",,,,,,Colour,Red,,,,,,,,,,,,,,,,,,,,,1725000466-Product-17.6.PNG,,,18%,,7 Days,,,,,,,1,8-10 Days,
"Teknic 2PLBT5LBXX/YYY- Pilot Light, Amber LED Bulb and Amber Lens Led",Teknic Electric,Panel & Panel Accessories,Control & Signalling Devices,Pilot Lights,"Pilot Light with Integral LED, Connection with Transformer",2PLBT5LBX X/ YYY,Metallic Series,2PLBT5LBX X/ YYY,,530,Piece,Each,1,"Teknic 2PLBT5LBXX/YYY- Pilot Light, Amber LED Bulb and Amber Lens Led",,,,,,Colour,Amber,,,,,,,,,,,,,,,,,,,,,1725000466-Product-17.6.PNG,,,18%,,7 Days,,,,,,,1,8-10 Days,
"Teknic 2PLBT6LBXX/YYY- Pilot Light, Blue LED Bulb and Blue Lens Led",Teknic Electric,Panel & Panel Accessories,Control & Signalling Devices,Pilot Lights,"Pilot Light with Integral LED, Connection with Transformer",2PLBT6LBXX / YYY,Metallic Series,2PLBT6LBXX / YYY,,795,Piece,Each,1,"Teknic 2PLBT6LBXX/YYY- Pilot Light, Blue LED Bulb and Blue Lens Led",,,,,,Colour,Blue,,,,,,,,,,,,,,,,,,,,,1725000466-Product-17.6.PNG,,,18%,,7 Days,,,,,,,1,8-10 Days,
"Teknic 2PLBT7LB(S)XX/YYY- Pilot Light, White LED Bulb and White Lens Led",Teknic Electric,Panel & Panel Accessories,Control & Signalling Devices,Pilot Lights,"Pilot Light with Integral LED, Connection with Transformer",2PLBT7LB(S)XX / YYY,Metallic Series,2PLBT7LB(S)XX / YYY,,765,Piece,Each,1,"Teknic 2PLBT7LB(S)XX/YYY- Pilot Light, White LED Bulb and White Lens Led",,,,,,Colour,Clear,,,,,,,,,,,,,,,,,,,,,1725000466-Product-17.6.PNG,,,18%,,7 Days,,,,,,,1,8-10 Days,
"Teknic 2PLBT8LBXX/YYY- Pilot Light, Yellow LED Bulb and Yellow Lens Led",Teknic Electric,Panel & Panel Accessories,Control & Signalling Devices,Pilot Lights,"Pilot Light with Integral LED, Connection with Transformer",2PLBT8LBXX / YYY,Metallic Series,2PLBT8LBXX / YYY,,530,Piece,Each,1,"Teknic 2PLBT8LBXX/YYY- Pilot Light, Yellow LED Bulb and Yellow Lens Led",,,,,,Colour,Yellow,,,,,,,,,,,,,,,,,,,,,1725000466-Product-17.6.PNG,,,18%,,7 Days,,,,,,,1,8-10 Days,
"Teknic P2AF1- Momentary Actuators Flush, White",Teknic Electric,Panel & Panel Accessories,Control & Signalling Devices,Momentary Actuators,Momentary Actuators Flush Type,P2AF1,Plastic Series,P2AF1,,62,Piece,Each,1,"Teknic P2AF1- Momentary Actuators Flush, White",,,,,,Colour,White,Type,Flush,,,,,,,,,,,,,,,,,,,1725008683-Product-18.1.PNG,,,18%,,7 Days,,,,,,,10,8-10 Days,
"Teknic P2AF2- Momentary Actuators Flush, Black",Teknic Electric,Panel & Panel Accessories,Control & Signalling Devices,Momentary Actuators,Momentary Actuators Flush Type,P2AF2,Plastic Series,P2AF2,,62,Piece,Each,1,"Teknic P2AF2- Momentary Actuators Flush, Black",,,,,,Colour,Black,Type,Flush,,,,,,,,,,,,,,,,,,,1725008683-Product-18.1.PNG,,,18%,,7 Days,,,,,,,10,8-10 Days,
"Teknic P2AF3- Momentary Actuators Flush, Green",Teknic Electric,Panel & Panel Accessories,Control & Signalling Devices,Momentary Actuators,Momentary Actuators Flush Type,P2AF3,Plastic Series,P2AF3,,62,Piece,Each,1,"Teknic P2AF3- Momentary Actuators Flush, Green",,,,,,Colour,Green,Type,Flush,,,,,,,,,,,,,,,,,,,1725008683-Product-18.1.PNG,,,18%,,7 Days,,,,,,,10,8-10 Days,
"Teknic P2AF4- Momentary Actuators Flush, Red",Teknic Electric,Panel & Panel Accessories,Control & Signalling Devices,Momentary Actuators,Momentary Actuators Flush Type,P2AF4,Plastic Series,P2AF4,,62,Piece,Each,1,"Teknic P2AF4- Momentary Actuators Flush, Red",,,,,,Colour,Red,Type,Flush,,,,,,,,,,,,,,,,,,,1725008683-Product-18.1.PNG,,,18%,,7 Days,,,,,,,10,8-10 Days,
"Teknic P2AF6- Momentary Actuators Flush, Blue",Teknic Electric,Panel & Panel Accessories,Control & Signalling Devices,Momentary Actuators,Momentary Actuators Flush Type,P2AF6,Plastic Series,P2AF6,,62,Piece,Each,1,"Teknic P2AF6- Momentary Actuators Flush, Blue",,,,,,Colour,Blue,Type,Flush,,,,,,,,,,,,,,,,,,,1725008683-Product-18.1.PNG,,,18%,,7 Days,,,,,,,10,8-10 Days,
"Teknic P2AF8- Momentary Actuators Flush, Yellow",Teknic Electric,Panel & Panel Accessories,Control & Signalling Devices,Momentary Actuators,Momentary Actuators Flush Type,P2AF8,Plastic Series,P2AF8,,62,Piece,Each,1,"Teknic P2AF8- Momentary Actuators Flush, Yellow",,,,,,Colour,Yellow,Type,Flush,,,,,,,,,,,,,,,,,,,1725008683-Product-18.1.PNG,,,18%,,7 Days,,,,,,,10,8-10 Days,
"Teknic P2AP1- Momentary Actuators Projecting, White",Teknic Electric,Panel & Panel Accessories,Control & Signalling Devices,Momentary Actuators,Momentary Actuators Projecting Type,P2AP1,Plastic Series,P2AP1,,62,Piece,Each,1,"Teknic P2AP1- Momentary Actuators Projecting, White",,,,,,Colour,White,Type,Projecting,,,,,,,,,,,,,,,,,,,1725008720-Product-18.2.PNG,,,18%,,7 Days,,,,,,,10,8-10 Days,
"Teknic P2AP2- Momentary Actuators Projecting, Black",Teknic Electric,Panel & Panel Accessories,Control & Signalling Devices,Momentary Actuators,Momentary Actuators Projecting Type,P2AP2,Plastic Series,P2AP2,,62,Piece,Each,1,"Teknic P2AP2- Momentary Actuators Projecting, Black",,,,,,Colour,Black,Type,Projecting,,,,,,,,,,,,,,,,,,,1725008720-Product-18.2.PNG,,,18%,,7 Days,,,,,,,10,8-10 Days,
"Teknic P2AP3- Momentary Actuators Projecting, Green",Teknic Electric,Panel & Panel Accessories,Control & Signalling Devices,Momentary Actuators,Momentary Actuators Projecting Type,P2AP3,Plastic Series,P2AP3,,62,Piece,Each,1,"Teknic P2AP3- Momentary Actuators Projecting, Green",,,,,,Colour,Green,Type,Projecting,,,,,,,,,,,,,,,,,,,1725008720-Product-18.2.PNG,,,18%,,7 Days,,,,,,,10,8-10 Days,
"Teknic P2AP4- Momentary Actuators Projecting, Red",Teknic Electric,Panel & Panel Accessories,Control & Signalling Devices,Momentary Actuators,Momentary Actuators Projecting Type,P2AP4,Plastic Series,P2AP4,,62,Piece,Each,1,"Teknic P2AP4- Momentary Actuators Projecting, Red",,,,,,Colour,Red,Type,Projecting,,,,,,,,,,,,,,,,,,,1725008720-Product-18.2.PNG,,,18%,,7 Days,,,,,,,10,8-10 Days,
"Teknic P2AP6- Momentary Actuators Projecting, Blue",Teknic Electric,Panel & Panel Accessories,Control & Signalling Devices,Momentary Actuators,Momentary Actuators Projecting Type,P2AP6,Plastic Series,P2AP6,,62,Piece,Each,1,"Teknic P2AP6- Momentary Actuators Projecting, Blue",,,,,,Colour,Blue,Type,Projecting,,,,,,,,,,,,,,,,,,,1725008720-Product-18.2.PNG,,,18%,,7 Days,,,,,,,10,8-10 Days,
"Teknic P2AP7- Momentary Actuators Projecting, Yellow",Teknic Electric,Panel & Panel Accessories,Control & Signalling Devices,Momentary Actuators,Momentary Actuators Projecting Type,P2AP8,Plastic Series,P2AP8,,62,Piece,Each,1,"Teknic P2AP7- Momentary Actuators Projecting, Yellow",,,,,,Colour,Yellow,Type,Projecting,,,,,,,,,,,,,,,,,,,1725008720-Product-18.2.PNG,,,18%,,7 Days,,,,,,,10,8-10 Days,
"Teknic P2AF1A- Momentary Actuators Flush with Arrow Marking, White",Teknic Electric,Panel & Panel Accessories,Control & Signalling Devices,Momentary Actuators,Momentary Actuators Flush with Arrow Type,P2AF1A,Plastic Series,P2AF1A,,90,Piece,Each,1,"Teknic P2AF1A- Momentary Actuators Flush with Arrow Marking, White",,,,,,Colour,White,Type,Flush with Arrow Marking,,,,,,,,,,,,,,,,,,,1725008744-Product-18.3.PNG,,,18%,,7 Days,,,,,,,5,8-10 Days,
"Teknic P2AF1A- Momentary Actuators Flush with Arrow Marking, Black",Teknic Electric,Panel & Panel Accessories,Control & Signalling Devices,Momentary Actuators,Momentary Actuators Flush with Arrow Type,P2AF2A,Plastic Series,P2AF2A,,90,Piece,Each,1,"Teknic P2AF1A- Momentary Actuators Flush with Arrow Marking, Black",,,,,,Colour,Black,Type,Flush with Arrow Marking,,,,,,,,,,,,,,,,,,,1725008744-Product-18.3.PNG,,,18%,,7 Days,,,,,,,5,8-10 Days,
"Teknic P2AF1RR- Momentary Actuator Flush Relay Reset, White",Teknic Electric,Panel & Panel Accessories,Control & Signalling Devices,Momentary Actuators,Momentary Actuators Flush Relay Reset Type,P2AF1RR,Plastic Series,P2AF1RR,,85,Piece,Each,1,"Teknic P2AF1RR- Momentary Actuator Flush Relay Reset, White",,,,,,Colour,White,Type,Flush Relay Reset,,,,,,,,,,,,,,,,,,,1725008765-Product-18.4.PNG,,,18%,,7 Days,,,,,,,6,8-10 Days,
"Teknic P2AF1RR- Momentary Actuator Flush Relay Reset, Black",Teknic Electric,Panel & Panel Accessories,Control & Signalling Devices,Momentary Actuators,Momentary Actuators Flush Relay Reset Type,P2AF2RR,Plastic Series,P2AF2RR,,85,Piece,Each,1,"Teknic P2AF1RR- Momentary Actuator Flush Relay Reset, Black",,,,,,Colour,Black,Type,Flush Relay Reset,,,,,,,,,,,,,,,,,,,1725008765-Product-18.4.PNG,,,18%,,7 Days,,,,,,,6,8-10 Days,
"Teknic P2AF1RR- Momentary Actuator Flush Relay Reset, Green",Teknic Electric,Panel & Panel Accessories,Control & Signalling Devices,Momentary Actuators,Momentary Actuators Flush Relay Reset Type,P2AF3RR,Plastic Series,P2AF3RR,,85,Piece,Each,1,"Teknic P2AF1RR- Momentary Actuator Flush Relay Reset, Green",,,,,,Colour,Green,Type,Flush Relay Reset,,,,,,,,,,,,,,,,,,,1725008765-Product-18.4.PNG,,,18%,,7 Days,,,,,,,6,8-10 Days,
"Teknic P2AF1RR- Momentary Actuator Flush Relay Reset, Red",Teknic Electric,Panel & Panel Accessories,Control & Signalling Devices,Momentary Actuators,Momentary Actuators Flush Relay Reset Type,P2AF4RR,Plastic Series,P2AF4RR,,85,Piece,Each,1,"Teknic P2AF1RR- Momentary Actuator Flush Relay Reset, Red",,,,,,Colour,Red,Type,Flush Relay Reset,,,,,,,,,,,,,,,,,,,1725008765-Product-18.4.PNG,,,18%,,7 Days,,,,,,,6,8-10 Days,
"Teknic P2AF1RR- Momentary Actuator Flush Relay Reset, Blue",Teknic Electric,Panel & Panel Accessories,Control & Signalling Devices,Momentary Actuators,Momentary Actuators Flush Relay Reset Type,P2AF6RR,Plastic Series,P2AF6RR,,85,Piece,Each,1,"Teknic P2AF1RR- Momentary Actuator Flush Relay Reset, Blue",,,,,,Colour,Blue,Type,Flush Relay Reset,,,,,,,,,,,,,,,,,,,1725008765-Product-18.4.PNG,,,18%,,7 Days,,,,,,,6,8-10 Days,
"Teknic P2AF1RR- Momentary Actuator Flush Relay Reset, Yellow",Teknic Electric,Panel & Panel Accessories,Control & Signalling Devices,Momentary Actuators,Momentary Actuators Flush Relay Reset Type,P2AF8RR,Plastic Series,P2AF8RR,,85,Piece,Each,1,"Teknic P2AF1RR- Momentary Actuator Flush Relay Reset, Yellow",,,,,,Colour,Yellow,Type,Flush Relay Reset,,,,,,,,,,,,,,,,,,,1725008765-Product-18.4.PNG,,,18%,,7 Days,,,,,,,6,8-10 Days,
"Teknic P2AF1BT7- Momentary Actuators Booted, White",Teknic Electric,Panel & Panel Accessories,Control & Signalling Devices,Momentary Actuators,Momentary Actuators Booted Type,P2AF1BT7,Plastic Series,P2AF1BT7,,135,Piece,Each,1,"Teknic P2AF1BT7- Momentary Actuators Booted, White",,,,,,Colour,White,Type,Booted,,,,,,,,,,,,,,,,,,,1725008788-Product-18.5.PNG,,,18%,,7 Days,,,,,,,4,8-10 Days,
"Teknic P2AF1BT8- Momentary Actuators Booted,Black",Teknic Electric,Panel & Panel Accessories,Control & Signalling Devices,Momentary Actuators,Momentary Actuators Booted Type,P2AF2BT7,Plastic Series,P2AF2BT7,,135,Piece,Each,1,"Teknic P2AF1BT8- Momentary Actuators Booted,Black",,,,,,Colour,Black,Type,Booted,,,,,,,,,,,,,,,,,,,1725008788-Product-18.5.PNG,,,18%,,7 Days,,,,,,,4,8-10 Days,
"Teknic P2AF1BT9- Momentary Actuators Booted, Green",Teknic Electric,Panel & Panel Accessories,Control & Signalling Devices,Momentary Actuators,Momentary Actuators Booted Type,P2AF3BT7,Plastic Series,P2AF3BT7,,135,Piece,Each,1,"Teknic P2AF1BT9- Momentary Actuators Booted, Green",,,,,,Colour,Green,Type,Booted,,,,,,,,,,,,,,,,,,,1725008788-Product-18.5.PNG,,,18%,,7 Days,,,,,,,4,8-10 Days,
"Teknic P2AF1BT10- Momentary Actuators Booted, Red",Teknic Electric,Panel & Panel Accessories,Control & Signalling Devices,Momentary Actuators,Momentary Actuators Booted Type,P2AF4BT7,Plastic Series,P2AF4BT7,,135,Piece,Each,1,"Teknic P2AF1BT10- Momentary Actuators Booted, Red",,,,,,Colour,Red,Type,Booted,,,,,,,,,,,,,,,,,,,1725008788-Product-18.5.PNG,,,18%,,7 Days,,,,,,,4,8-10 Days,
"Teknic P2AF1BT11- Momentary Actuators Booted, Blue",Teknic Electric,Panel & Panel Accessories,Control & Signalling Devices,Momentary Actuators,Momentary Actuators Booted Type,P2AF6BT7,Plastic Series,P2AF6BT7,,135,Piece,Each,1,"Teknic P2AF1BT11- Momentary Actuators Booted, Blue",,,,,,Colour,Blue,Type,Booted,,,,,,,,,,,,,,,,,,,1725008788-Product-18.5.PNG,,,18%,,7 Days,,,,,,,4,8-10 Days,
"Teknic P2AF1BT12- Momentary Actuators Booted, Yelllow",Teknic Electric,Panel & Panel Accessories,Control & Signalling Devices,Momentary Actuators,Momentary Actuators Booted Type,P2AF8BT7,Plastic Series,P2AF8BT7,,135,Piece,Each,1,"Teknic P2AF1BT12- Momentary Actuators Booted, Yelllow",,,,,,Colour,Yellow,Type,Booted,,,,,,,,,,,,,,,,,,,1725008788-Product-18.5.PNG,,,18%,,7 Days,,,,,,,4,8-10 Days,