name,brand,main_category,c1_category,c2_category,leaf_category,artical_no,series_name,model_no,mrp,seling_price,unit_of_measurement,selling_unit,magnitude_of_uom,description,image_1,image_2,image_3,image_4,image_5,attribute1a,attribute1b,attribute2a,attribute2b,attribute3a,attribute3b,attribute4a,attribute4b,attribute5a,attribute5b,attribute6a,attribute6b,attribute7a,attribute7b,attribute8a,attribute8b,attribute9a,attribute9b,attribute10a,attribute10b,attribute11a,attribute11b,image,sku_code,hsn,tax,catalogue_url,is_return_available,return_day,faq,width,height,depth,weight,min_quantity,ship_time,accesoriess_cat_name
"Havells IHAR12CH-2P Thermal O/L Relay A/M, 3.8 A - 6 A, 2-Poles, UR1 H-Type",Havells,Panel & Panel Accessories,Low Voltage Switch Gear,Thermal Overload Relay,2P Thermal O/L Relay A/M,IHAR12CH,,IHAR12CH,,927,Piece,Each,1,"Havells IHAR12CH-2P Thermal O/L Relay A/M, 3.8 A - 6 A, 2-Poles, UR1 H-Type",,,,,,Relay Range (A),3.8 A - 6 A,Suitable For,2 Pole Contactors,Poles,2,Type,UR1 H,,,,,,,,,,,,,,,1726831051-Product-IHAR12CH.PNG,,,18%,,,,,,,,,1,08-10 Days,
"Havells IHAR12CJ-2P Thermal O/L Relay A/M, 6 A - 9.3 A, 2-Poles, UR1 J-Type",Havells,Panel & Panel Accessories,Low Voltage Switch Gear,Thermal Overload Relay,2P Thermal O/L Relay A/M,IHAR12CJ,,IHAR12CJ,,927,Piece,Each,1,"Havells IHAR12CJ-2P Thermal O/L Relay A/M, 6 A - 9.3 A, 2-Poles, UR1 J-Type",,,,,,Relay Range (A),6 A - 9.3 A,Suitable For,2 Pole Contactors,Poles,2,Type,UR1 J,,,,,,,,,,,,,,,1726831051-Product-IHAR12CH.PNG,,,18%,,,,,,,,,1,08-10 Days,
"Havells IHAR12CK-2P Thermal O/L Relay A/M, 8.9 A - 13.5 A, 2-Poles, UR1 K-Type",Havells,Panel & Panel Accessories,Low Voltage Switch Gear,Thermal Overload Relay,2P Thermal O/L Relay A/M,IHAR12CK,,IHAR12CK,,927,Piece,Each,1,"Havells IHAR12CK-2P Thermal O/L Relay A/M, 8.9 A - 13.5 A, 2-Poles, UR1 K-Type",,,,,,Relay Range (A),8.9 A - 13.5 A,Suitable For,2 Pole Contactors,Poles,2,Type,UR1 K,,,,,,,,,,,,,,,1726831051-Product-IHAR12CH.PNG,,,18%,,,,,,,,,1,08-10 Days,
"Havells IHAR12CL-2P Thermal O/L Relay A/M, 13.2 A - 20 A, 2-Poles, UR1 L-Type",Havells,Panel & Panel Accessories,Low Voltage Switch Gear,Thermal Overload Relay,2P Thermal O/L Relay A/M,IHAR12CL,,IHAR12CL,,1012,Piece,Each,1,"Havells IHAR12CL-2P Thermal O/L Relay A/M, 13.2 A - 20 A, 2-Poles, UR1 L-Type",,,,,,Relay Range (A),13.2 A - 20 A,Suitable For,2 Pole Contactors,Poles,2,Type,UR1 L,,,,,,,,,,,,,,,1726831051-Product-IHAR12CH.PNG,,,18%,,,,,,,,,1,08-10 Days,
"Havells IHAR12CM-2P Thermal O/L Relay A/M, 17.4 A - 24 A, 2-Poles, UR1 M-Type",Havells,Panel & Panel Accessories,Low Voltage Switch Gear,Thermal Overload Relay,2P Thermal O/L Relay A/M,IHAR12CM,,IHAR12CM,,1012,Piece,Each,1,"Havells IHAR12CM-2P Thermal O/L Relay A/M, 17.4 A - 24 A, 2-Poles, UR1 M-Type",,,,,,Relay Range (A),17.4 A - 24 A,Suitable For,2 Pole Contactors,Poles,2,Type,UR1 M,,,,,,,,,,,,,,,1726831051-Product-IHAR12CH.PNG,,,18%,,,,,,,,,1,08-10 Days,
"Havells IHAR12CN-2P Thermal O/L Relay A/M, 22 A - 30 A, 2-Poles, UR1 N-Type",Havells,Panel & Panel Accessories,Low Voltage Switch Gear,Thermal Overload Relay,2P Thermal O/L Relay A/M,IHAR12CN,,IHAR12CN,,1630,Piece,Each,1,"Havells IHAR12CN-2P Thermal O/L Relay A/M, 22 A - 30 A, 2-Poles, UR1 N-Type",,,,,,Relay Range (A),22 A - 30 A,Suitable For,2 Pole Contactors,Poles,2,Type,UR1 N,,,,,,,,,,,,,,,1726831051-Product-IHAR12CH.PNG,,,18%,,,,,,,,,1,08-10 Days,
"Havells ISCPSMPCX016-Spare Agri Contactor, Housing 2P",Havells,Panel & Panel Accessories,Low Voltage Switch Gear,Spares - Motor Starter & Controller,"Spare Agri Contactor, Housing 2P",ISCPSMPCX016,,ISCPSMPCX016,,326,Piece,Each,1,"Havells ISCPSMPCX016-Spare Agri Contactor, Housing 2P",,,,,,Pole,2P,,,,,,,,,,,,,,,,,,,,,1726831065-Product-ISCPSMPCX016-1.PNG,,,18%,,,,,,,,,1,08-10 Days,
"Havells ISCPSMPCX014-Spare Agri Contactor, Housing 4P",Havells,Panel & Panel Accessories,Low Voltage Switch Gear,Spares - Motor Starter & Controller,"Spare Agri Contactor, Housing 4P",ISCPSMPCX014,,ISCPSMPCX014,,526,Piece,Each,1,"Havells ISCPSMPCX014-Spare Agri Contactor, Housing 4P",,,,,,Pole,4P,,,,,,,,,,,,,,,,,,,,,1726831083-Product-ISCPSMPCX014.....PNG,,,18%,,,,,,,,,1,08-10 Days,
"Havells ISSPEX0447-Spare Agri Contactor, Carrier Assembly 2P",Havells,Panel & Panel Accessories,Low Voltage Switch Gear,Spares - Motor Starter & Controller,"Spare Agri Contactor, Carrier Assembly 2P",ISSPEX0447,,ISSPEX0447,,94,Piece,Each,1,"Havells ISSPEX0447-Spare Agri Contactor, Carrier Assembly 2P",,,,,,Pole,2P,,,,,,,,,,,,,,,,,,,,,1726831094-Product-ISSPEX0447.PNG,,,18%,,,,,,,,,1,08-10 Days,
"Havells ISSPEX0446-Spare Agri Contactor, Carrier Assembly 4P",Havells,Panel & Panel Accessories,Low Voltage Switch Gear,Spares - Motor Starter & Controller,"Spare Agri Contactor, Carrier Assembly 4P",ISSPEX0446,,ISSPEX0446,,136,Piece,Each,1,"Havells ISSPEX0446-Spare Agri Contactor, Carrier Assembly 4P",,,,,,Pole,4P,,,,,,,,,,,,,,,,,,,,,1726831105-Product-ISSPEX0446.PNG,,,18%,,,,,,,,,1,08-10 Days,
"Havells ISSPEP0008-Spare Agri Contactor, 2P Contactor Coil, 140 V - 270 V",Havells,Panel & Panel Accessories,Low Voltage Switch Gear,Spares - Motor Starter & Controller,"Spare Agri Contactor, 2P Contactor Coil",ISSPEP0008,,ISSPEP0008,,701,Piece,Each,1,"Havells ISSPEP0008-Spare Agri Contactor, 2P Contactor Coil, 140 V - 270 V",,,,,,Pole,2P,Rated Voltage In [V],140 V - 270 V,,,,,,,,,,,,,,,,,,,1726831114-Product-ISSPEP0008.PNG,,,18%,,,,,,,,,1,08-10 Days,
"Havells ISSPEP0007-Spare Agri Contactor, 4P Contactor Coil, 200 V - 400 V",Havells,Panel & Panel Accessories,Low Voltage Switch Gear,Spares - Motor Starter & Controller,"Spare Agri Contactor, 4P Contactor Coil",ISSPEP0007,,ISSPEP0007,,801,Piece,Each,1,"Havells ISSPEP0007-Spare Agri Contactor, 4P Contactor Coil, 200 V - 400 V",,,,,,Pole,4P,Rated Voltage In [V],200 V - 400 V,,,,,,,,,,,,,,,,,,,1726831123-Product-ISSPEP0007.PNG,,,18%,,,,,,,,,1,08-10 Days,
"Havells ISSPEP0009-Spare Agri Contactor, 4P Contactor Coil, 415 V (260 V - 440 V)",Havells,Panel & Panel Accessories,Low Voltage Switch Gear,Spares - Motor Starter & Controller,"Spare Agri Contactor, 4P Contactor Coil",ISSPEP0009,,ISSPEP0009,,801,Piece,Each,1,"Havells ISSPEP0009-Spare Agri Contactor, 4P Contactor Coil, 415 V (260 V - 440 V)",,,,,,Pole,4P,Rated Voltage In [V],415 V (260 V - 440 V),,,,,,,,,,,,,,,,,,,1726831123-Product-ISSPEP0007.PNG,,,18%,,,,,,,,,1,08-10 Days,
"Havells ISSPEP0011-Spare Agri Contactor, 4P Contactor Coil, 240 V (140 V - 270 V)",Havells,Panel & Panel Accessories,Low Voltage Switch Gear,Spares - Motor Starter & Controller,"Spare Agri Contactor, 4P Contactor Coil",ISSPEP0011,,ISSPEP0011,,801,Piece,Each,1,"Havells ISSPEP0011-Spare Agri Contactor, 4P Contactor Coil, 240 V (140 V - 270 V)",,,,,,Pole,4P,Rated Voltage In [V],240 V (140 V - 270 V),,,,,,,,,,,,,,,,,,,1726831123-Product-ISSPEP0007.PNG,,,18%,,,,,,,,,1,08-10 Days,
"Havells ISSPEX0428-Spare Agri Contactor, Single Fixed Contact 2P / 4P, 20 Amp",Havells,Panel & Panel Accessories,Low Voltage Switch Gear,Spares - Motor Starter & Controller,"Spare Agri Contactor, Single Fixed Contact 2P / 4P",ISSPEX0428,,ISSPEX0428,,110,Piece,Each,1,"Havells ISSPEX0428-Spare Agri Contactor, Single Fixed Contact 2P / 4P, 20 Amp",,,,,,Pole,2P/4P,Rated Current In [A],20 Amp,,,,,,,,,,,,,,,,,,,1726831143-Product-ISSPEX0428.PNG,,,18%,,,,,,,,,1,08-10 Days,
"Havells ISSPEX0429-Spare Agri Contactor, Single Fixed Contact 2P / 4P, 25 Amp",Havells,Panel & Panel Accessories,Low Voltage Switch Gear,Spares - Motor Starter & Controller,"Spare Agri Contactor, Single Fixed Contact 2P / 4P",ISSPEX0429,,ISSPEX0429,,149,Piece,Each,1,"Havells ISSPEX0429-Spare Agri Contactor, Single Fixed Contact 2P / 4P, 25 Amp",,,,,,Pole,2P/4P,Rated Current In [A],25 Amp,,,,,,,,,,,,,,,,,,,1726831143-Product-ISSPEX0428.PNG,,,18%,,,,,,,,,1,08-10 Days,
"Havells ISSPEX0430-Spare Agri Contactor, Single Fixed Contact 2P / 4P, 32 Amp",Havells,Panel & Panel Accessories,Low Voltage Switch Gear,Spares - Motor Starter & Controller,"Spare Agri Contactor, Single Fixed Contact 2P / 4P",ISSPEX0430,,ISSPEX0430,,159,Piece,Each,1,"Havells ISSPEX0430-Spare Agri Contactor, Single Fixed Contact 2P / 4P, 32 Amp",,,,,,Pole,2P/4P,Rated Current In [A],32 Amp,,,,,,,,,,,,,,,,,,,1726831143-Product-ISSPEX0428.PNG,,,18%,,,,,,,,,1,08-10 Days,
"Havells ISSPEX0439-Spare Agri Contactor, Single Fixed Contact 2P / 4P, 40 Amp",Havells,Panel & Panel Accessories,Low Voltage Switch Gear,Spares - Motor Starter & Controller,"Spare Agri Contactor, Single Fixed Contact 2P / 4P",ISSPEX0439,,ISSPEX0439,,191,Piece,Each,1,"Havells ISSPEX0439-Spare Agri Contactor, Single Fixed Contact 2P / 4P, 40 Amp",,,,,,Pole,2P/4P,Rated Current In [A],40 Amp,,,,,,,,,,,,,,,,,,,1726831143-Product-ISSPEX0428.PNG,,,18%,,,,,,,,,1,08-10 Days,
"Havells ISSPEX0431-Spare Agri Contactor, Single Moving Contact 2P / 4P, 20 Amp",Havells,Panel & Panel Accessories,Low Voltage Switch Gear,Spares - Motor Starter & Controller,"Spare Agri Contactor, Single Moving Contact 2P / 4P",ISSPEX0431,,ISSPEX0431,,166,Piece,Each,1,"Havells ISSPEX0431-Spare Agri Contactor, Single Moving Contact 2P / 4P, 20 Amp",,,,,,Pole,2P/4P,Rated Current In [A],20 Amp,,,,,,,,,,,,,,,,,,,1726831155-Product-ISSPEX0431.PNG,,,18%,,,,,,,,,1,08-10 Days,
"Havells ISSPEX0432-Spare Agri Contactor, Single Moving Contact 2P / 4P, 25 Amp",Havells,Panel & Panel Accessories,Low Voltage Switch Gear,Spares - Motor Starter & Controller,"Spare Agri Contactor, Single Moving Contact 2P / 4P",ISSPEX0432,,ISSPEX0432,,235,Piece,Each,1,"Havells ISSPEX0432-Spare Agri Contactor, Single Moving Contact 2P / 4P, 25 Amp",,,,,,Pole,2P/4P,Rated Current In [A],25 Amp,,,,,,,,,,,,,,,,,,,1726831155-Product-ISSPEX0431.PNG,,,18%,,,,,,,,,1,08-10 Days,
"Havells ISSPEX0433-Spare Agri Contactor, Single Moving Contact 2P / 4P, 32 Amp",Havells,Panel & Panel Accessories,Low Voltage Switch Gear,Spares - Motor Starter & Controller,"Spare Agri Contactor, Single Moving Contact 2P / 4P",ISSPEX0433,,ISSPEX0433,,267,Piece,Each,1,"Havells ISSPEX0433-Spare Agri Contactor, Single Moving Contact 2P / 4P, 32 Amp",,,,,,Pole,2P/4P,Rated Current In [A],32 Amp,,,,,,,,,,,,,,,,,,,1726831155-Product-ISSPEX0431.PNG,,,18%,,,,,,,,,1,08-10 Days,
"Havells ISSPEX0440-Spare Agri Contactor, Single Moving Contact 2P / 4P, 40 Amp",Havells,Panel & Panel Accessories,Low Voltage Switch Gear,Spares - Motor Starter & Controller,"Spare Agri Contactor, Single Moving Contact 2P / 4P",ISSPEX0440,,ISSPEX0440,,326,Piece,Each,1,"Havells ISSPEX0440-Spare Agri Contactor, Single Moving Contact 2P / 4P, 40 Amp",,,,,,Pole,2P/4P,Rated Current In [A],40 Amp,,,,,,,,,,,,,,,,,,,1726831155-Product-ISSPEX0431.PNG,,,18%,,,,,,,,,1,08-10 Days,
"Havells ISSPEX0441-Spare Agri Contactor, Contact Kit 2P Contactor, 20 Amp",Havells,Panel & Panel Accessories,Low Voltage Switch Gear,Spares - Motor Starter & Controller,"Spare Agri Contactor, Contact Kit 2P Contactor",ISSPEX0441,,ISSPEX0441,,751,Piece,Each,1,"Havells ISSPEX0441-Spare Agri Contactor, Contact Kit 2P Contactor, 20 Amp",,,,,,Pole,2P,Rated Current In [A],20 Amp,,,,,,,,,,,,,,,,,,,1726831168-Product-ISSPEX0441.PNG,,,18%,,,,,,,,,1,08-10 Days,
"Havells ISSPEX0442-Spare Agri Contactor, Contact Kit 2P Contactor, 25 Amp",Havells,Panel & Panel Accessories,Low Voltage Switch Gear,Spares - Motor Starter & Controller,"Spare Agri Contactor, Contact Kit 2P Contactor",ISSPEX0442,,ISSPEX0442,,1056,Piece,Each,1,"Havells ISSPEX0442-Spare Agri Contactor, Contact Kit 2P Contactor, 25 Amp",,,,,,Pole,2P,Rated Current In [A],25 Amp,,,,,,,,,,,,,,,,,,,1726831168-Product-ISSPEX0441.PNG,,,18%,,,,,,,,,1,08-10 Days,
"Havells ISSPEX0444-Spare Agri Contactor, Contact Kit 2P Contactor, 40 Amp",Havells,Panel & Panel Accessories,Low Voltage Switch Gear,Spares - Motor Starter & Controller,"Spare Agri Contactor, Contact Kit 2P Contactor",ISSPEX0444,,ISSPEX0444,,1391,Piece,Each,1,"Havells ISSPEX0444-Spare Agri Contactor, Contact Kit 2P Contactor, 40 Amp",,,,,,Pole,2P,Rated Current In [A],40 Amp,,,,,,,,,,,,,,,,,,,1726831168-Product-ISSPEX0441.PNG,,,18%,,,,,,,,,1,08-10 Days,
"Havells ISSPEX0434-Spare Agri Contactor, Contact Kit 4P Contactor, 20 Amp",Havells,Panel & Panel Accessories,Low Voltage Switch Gear,Spares - Motor Starter & Controller,"Spare Agri Contactor, Contact Kit 4P Contactor",ISSPEX0434,,ISSPEX0434,,1364,Piece,Each,1,"Havells ISSPEX0434-Spare Agri Contactor, Contact Kit 4P Contactor, 20 Amp",,,,,,Pole,4P,Rated Current In [A],20 Amp,,,,,,,,,,,,,,,,,,,1726831179-Product-ISSPEX0434.PNG,,,18%,,,,,,,,,1,08-10 Days,
"Havells ISSPEX0435-Spare Agri Contactor, Contact Kit 4P Contactor, 25 Amp",Havells,Panel & Panel Accessories,Low Voltage Switch Gear,Spares - Motor Starter & Controller,"Spare Agri Contactor, Contact Kit 4P Contactor",ISSPEX0435,,ISSPEX0435,,2123,Piece,Each,1,"Havells ISSPEX0435-Spare Agri Contactor, Contact Kit 4P Contactor, 25 Amp",,,,,,Pole,4P,Rated Current In [A],25 Amp,,,,,,,,,,,,,,,,,,,1726831179-Product-ISSPEX0434.PNG,,,18%,,,,,,,,,1,08-10 Days,
"Havells ISSPEX0436-Spare Agri Contactor, Contact Kit 4P Contactor, 32 Amp",Havells,Panel & Panel Accessories,Low Voltage Switch Gear,Spares - Motor Starter & Controller,"Spare Agri Contactor, Contact Kit 4P Contactor",ISSPEX0436,,ISSPEX0436,,2282,Piece,Each,1,"Havells ISSPEX0436-Spare Agri Contactor, Contact Kit 4P Contactor, 32 Amp",,,,,,Pole,4P,Rated Current In [A],32 Amp,,,,,,,,,,,,,,,,,,,1726831179-Product-ISSPEX0434.PNG,,,18%,,,,,,,,,1,08-10 Days,
"Havells ISSPEX0445-Spare Agri Contactor, Contact Kit 4P Contactor, 40 Amp",Havells,Panel & Panel Accessories,Low Voltage Switch Gear,Spares - Motor Starter & Controller,"Spare Agri Contactor, Contact Kit 4P Contactor",ISSPEX0445,,ISSPEX0445,,2274,Piece,Each,1,"Havells ISSPEX0445-Spare Agri Contactor, Contact Kit 4P Contactor, 40 Amp",,,,,,Pole,4P,Rated Current In [A],40 Amp,,,,,,,,,,,,,,,,,,,1726831179-Product-ISSPEX0434.PNG,,,18%,,,,,,,,,1,08-10 Days,
"Havells ISSPEX0437-DOL Starter - Spares, NO Switch URJA",Havells,Panel & Panel Accessories,Low Voltage Switch Gear,Spares - Motor Starter & Controller,"DOL Starter - Spares, NO Switch URJA",ISSPEX0437,,ISSPEX0437,,159,Piece,Each,1,"Havells ISSPEX0437-DOL Starter - Spares, NO Switch URJA",,,,,,Type,NO Switch,,,,,,,,,,,,,,,,,,,,,1726831191-Product-ISSPEX0437.PNG,,,18%,,,,,,,,,1,08-10 Days,
"Havells ISSPEX0438-DOL Starter - Spares, ON / OFF Push Button Assembly URJA",Havells,Panel & Panel Accessories,Low Voltage Switch Gear,Spares - Motor Starter & Controller,"DOL Starter - Spares, ON / OFF Push Button Assembly URJA",ISSPEX0438,,ISSPEX0438,,159,Piece,Each,1,"Havells ISSPEX0438-DOL Starter - Spares, ON / OFF Push Button Assembly URJA",,,,,,Type,ON / OFF PB,,,,,,,,,,,,,,,,,,,,,1726831201-Product-ISSPEX0438.PNG,,,18%,,,,,,,,,1,08-10 Days,
"Havells ISCELXLX0001-Single Phase Sub. Starter, PB Red for SPSS with 1NC Element, Red, Push Button",Havells,Panel & Panel Accessories,Low Voltage Switch Gear,Spares - Motor Starter & Controller,"Single Phase Sub. Starter, PB Red for SPSS with 1NC Element",ISCELXLX0001,,ISCELXLX0001,,235,Piece,Each,1,"Havells ISCELXLX0001-Single Phase Sub. Starter, PB Red for SPSS with 1NC Element, Red, Push Button",,,,,,Colour,Red,Type of Product,Push Button,,,,,,,,,,,,,,,,,,,1726831213-Product-ISCELXLX0001.PNG,,,18%,,,,,,,,,1,08-10 Days,
"Havells ISCELXLX0002-Single Phase Sub. Starter, 5+16 Element (1.5-2 HP), Green, Push Button",Havells,Panel & Panel Accessories,Low Voltage Switch Gear,Spares - Motor Starter & Controller,"Single Phase Sub. Starter, 5+16 Element (1.5-2 HP)",ISCELXLX0002,,ISCELXLX0002,,443,Piece,Each,1,"Havells ISCELXLX0002-Single Phase Sub. Starter, 5+16 Element (1.5-2 HP), Green, Push Button",,,,,,Colour,Green,Type of Product,Push Button,Power,1.5-2 HP,KW,1.12-1.5 kW,,,,,,,,,,,,,,,1726831213-Product-ISCELXLX0001.PNG,,,18%,,,,,,,,,1,08-10 Days,
"Havells ISCELXLX0003-Single Phase Sub. Starter, 5+25 Element (3-5 HP), Red, Push Button",Havells,Panel & Panel Accessories,Low Voltage Switch Gear,Spares - Motor Starter & Controller,"Single Phase Sub. Starter, 5+25 Element (3-5 HP)",ISCELXLX0003,,ISCELXLX0003,,509,Piece,Each,1,"Havells ISCELXLX0003-Single Phase Sub. Starter, 5+25 Element (3-5 HP), Red, Push Button",,,,,,Colour,Red,Type of Product,Push Button,Power,3-5 HP,KW,2.24-3.73kW,,,,,,,,,,,,,,,1726831224-Product-ISCELXLX0003.PNG,,,18%,,,,,,,,,1,08-10 Days,
"Havells ISCELKLX0006-Single Phase Sub. Starter, Neon Light Indicator Red, Red, Neon Light Indicator",Havells,Panel & Panel Accessories,Low Voltage Switch Gear,Spares - Motor Starter & Controller,"Single Phase Sub. Starter, Neon Light Indicator Red",ISCELKLX0006,,ISCELKLX0006,,94,Piece,Each,1,"Havells ISCELKLX0006-Single Phase Sub. Starter, Neon Light Indicator Red, Red, Neon Light Indicator",,,,,,Colour,Red,Type of Product,Neon Light Indicator,,,,,,,,,,,,,,,,,,,1726831233-Product-ISCELKLX0006.PNG,,,18%,,,,,,,,,1,08-10 Days,
"Havells ISSPEX0427-Single Phase Sub. Starter, Front Add-on Aux.Cont.Blck, 2 NO, Front Add-On",Havells,Panel & Panel Accessories,Low Voltage Switch Gear,Spares - Motor Starter & Controller,"Single Phase Sub. Starter, Front Add-on Aux.Cont.Blck",ISSPEX0427,,ISSPEX0427,,501,Piece,Each,1,"Havells ISSPEX0427-Single Phase Sub. Starter, Front Add-on Aux.Cont.Blck, 2 NO, Front Add-On",,,,,,Configuration,2 NO,Type of Product,Front Add-On,,,,,,,,,,,,,,,,,,,1726831247-Product-ISSPEX0427.PNG,,,18%,,,,,,,,,1,08-10 Days,
"Havells ISCELMLX0006-Single Phase Sub. Starter, Combined AV Meter, Single Phase, Analog",Havells,Panel & Panel Accessories,Low Voltage Switch Gear,Spares - Motor Starter & Controller,"Single Phase Sub. Starter, Combined AV Meter",ISCELMLX0006,,ISCELMLX0006,,1334,Piece,Each,1,"Havells ISCELMLX0006-Single Phase Sub. Starter, Combined AV Meter, Single Phase, Analog",,,,,,Phase,Single Phase,Display,Analog,Voltage,300 V,Duty (AC 1),30 Amp,,,,,,,,,,,,,,,1726831255-Product-ISCELMLX0006.PNG,,,18%,,,,,,,,,1,08-10 Days,
"Havells ISCELMLX0007-Single Phase Sub. Starter, Combined AV Meter, Single Phase, Analog",Havells,Panel & Panel Accessories,Low Voltage Switch Gear,Spares - Motor Starter & Controller,"Single Phase Sub. Starter, Combined AV Meter",ISCELMLX0007,,ISCELMLX0007,,1340,Piece,Each,1,"Havells ISCELMLX0007-Single Phase Sub. Starter, Combined AV Meter, Single Phase, Analog",,,,,,Phase,Single Phase,Display,Analog,Voltage,500 V,Duty (AC 1),25 Amp,,,,,,,,,,,,,,,1726831255-Product-ISCELMLX0006.PNG,,,18%,,,,,,,,,1,08-10 Days,
"Havells ISCELMLX0008-Single Phase Sub. Starter, Combined AV Meter, Single Phase, Analog",Havells,Panel & Panel Accessories,Low Voltage Switch Gear,Spares - Motor Starter & Controller,"Single Phase Sub. Starter, Combined AV Meter",ISCELMLX0008,,ISCELMLX0008,,1475,Piece,Each,1,"Havells ISCELMLX0008-Single Phase Sub. Starter, Combined AV Meter, Single Phase, Analog",,,,,,Phase,Single Phase,Display,Analog,Voltage,500 V,Duty (AC 1),50 Amp,,,,,,,,,,,,,,,1726831255-Product-ISCELMLX0006.PNG,,,18%,,,,,,,,,1,08-10 Days,
"Havells ISCPTMPSX032-Single Phase Sub. Starter, Terminal Block, 2 Way",Havells,Panel & Panel Accessories,Low Voltage Switch Gear,Spares - Motor Starter & Controller,"Single Phase Sub. Starter, Terminal Block",ISCPTMPSX032,,ISCPTMPSX032,,50,Piece,Each,1,"Havells ISCPTMPSX032-Single Phase Sub. Starter, Terminal Block, 2 Way",,,,,,Way,2 Way,,,,,,,,,,,,,,,,,,,,,1726831265-Product-ISCPTMPSX032.PNG,,,18%,,,,,,,,,1,08-10 Days,
"Havells ISCELXPX0003-Single Phase Sub. Starter, Terminal Block, 5 Way",Havells,Panel & Panel Accessories,Low Voltage Switch Gear,Spares - Motor Starter & Controller,"Single Phase Sub. Starter, Terminal Block",ISCELXPX0003,,ISCELXPX0003,,184,Piece,Each,1,"Havells ISCELXPX0003-Single Phase Sub. Starter, Terminal Block, 5 Way",,,,,,Way,5 Way,,,,,,,,,,,,,,,,,,,,,1726831275-Product-ISCELXPX0003.PNG,,,18%,,,,,,,,,1,08-10 Days,
Havells ICELL00002-Start Push Button - Green,Havells,Panel & Panel Accessories,Low Voltage Switch Gear,Spares - Motor Starter & Controller,Start Push Button - Green,ICELL00002,,ICELL00002,,201,Piece,Each,1,Havells ICELL00002-Start Push Button - Green,,,,,,Color,Green,Type of Product,Push Button,Suitable For,Motor Starters & Controllers,Series,HGS,Function,Start,,,,,,,,,,,,,1726831291-Product-ICELL00002.PNG,,,18%,,,,,,,,,1,08-10 Days,
Havells ICELL00003-Stop Push Button - Red,Havells,Panel & Panel Accessories,Low Voltage Switch Gear,Spares - Motor Starter & Controller,Stop Push Button - Red,ICELL00003,,ICELL00003,,201,Piece,Each,1,Havells ICELL00003-Stop Push Button - Red,,,,,,Color,Red,Type of Product,Push Button,Suitable For,Motor Starters & Controllers,Series,HGS,Function,Stop,,,,,,,,,,,,,1726831300-Product-ICELL00003.PNG,,,18%,,,,,,,,,1,08-10 Days,
Havells ICELKL00015-Motor ON Indicating Light - Green,Havells,Panel & Panel Accessories,Low Voltage Switch Gear,Spares - Motor Starter & Controller,Motor ON Indicating Light - Green,ICELKL00015,,ICELKL00015,,326,Piece,Each,1,Havells ICELKL00015-Motor ON Indicating Light - Green,,,,,,Color,Green,Type of Product,Motor ON Indicating Light,Suitable For,Motor Starters & Controllers,Series,HGS,,,,,,,,,,,,,,,1726831308-Product-ICELKL00015.PNG,,,18%,,,,,,,,,1,08-10 Days,
Havells ICELKL00013-Motor Trip Indicating Light - Yellow,Havells,Panel & Panel Accessories,Low Voltage Switch Gear,Spares - Motor Starter & Controller,Motor Trip Indicating Light - Yellow,ICELKL00013,,ICELKL00013,,326,Piece,Each,1,Havells ICELKL00013-Motor Trip Indicating Light - Yellow,,,,,,Color,Yellow,Type of Product,Motor Trip Indicating Light,Suitable For,Motor Starters & Controllers,Series,HGS,,,,,,,,,,,,,,,1726831317-Product-ICELKL00013.PNG,,,18%,,,,,,,,,1,08-10 Days,
Havells ISCELXL00063-SPP,Havells,Panel & Panel Accessories,Low Voltage Switch Gear,Spares - Motor Starter & Controller,SPP,ISCELXL00063,,ISCELXL00063,,3432,Piece,Each,1,Havells ISCELXL00063-SPP,,,,,,Type of Product,SPP,,,,,,,,,,,,,,,,,,,,,1726831327-Product-ISCELXL00063.PNG,,,18%,,,,,,,,,1,08-10 Days,
"Havells ISCELMLX0007-Combined Voltmeter & Ammeter, Single Phase",Havells,Panel & Panel Accessories,Low Voltage Switch Gear,Spares - Motor Starter & Controller,Combined Voltmeter & Ammeter,ISCELMLX0007,,ISCELMLX0007,,1340,Piece,Each,1,"Havells ISCELMLX0007-Combined Voltmeter & Ammeter, Single Phase",,,,,,Type of Product,Combined AV Meter,Phase,Single Phase,Display,Analog,Voltage,500 V,Duty (AC 1),25 A,,,,,,,,,,,,,1726831337-Product-ISCELMLX0007.PNG,,,18%,,,,,,,,,1,08-10 Days,
Havells ICELPSMX001-Terminal Block 6 way,Havells,Panel & Panel Accessories,Low Voltage Switch Gear,Spares - Motor Starter & Controller,Terminal Block 6 way,ICELPSMX001,,ICELPSMX001,,501,Piece,Each,1,Havells ICELPSMX001-Terminal Block 6 way,,,,,,Type of Product,Terminal Block,Way,6 Way,,,,,,,,,,,,,,,,,,,1726831346-Product-ICELPSMX001.PNG,,,18%,,,,,,,,,1,08-10 Days,
Havells ICELPSMX002-Terminal Block 3 way,Havells,Panel & Panel Accessories,Low Voltage Switch Gear,Spares - Motor Starter & Controller,Terminal Block 3 way,ICELPSMX002,,ICELPSMX002,,302,Piece,Each,1,Havells ICELPSMX002-Terminal Block 3 way,,,,,,Type of Product,Terminal Block,Way,3 Way,,,,,,,,,,,,,,,,,,,1726831357-Product-ICELPSMX002.PNG,,,18%,,,,,,,,,1,08-10 Days,
Havells ICELQL00021-VOLT.SEL SW. C/G,Havells,Panel & Panel Accessories,Low Voltage Switch Gear,Spares - Motor Starter & Controller,VOLT.SEL SW. C/G,ICELQL00021,,ICELQL00021,,467,Piece,Each,1,Havells ICELQL00021-VOLT.SEL SW. C/G,,,,,,Type of Product,Voltmeter Selector Switch,,,,,,,,,,,,,,,,,,,,,1726831369-Product-ICELQL00021.PNG,,,18%,,,,,,,,,1,08-10 Days,
Havells ICELRPSL005-Timer,Havells,Panel & Panel Accessories,Low Voltage Switch Gear,Spares - Motor Starter & Controller,Timer,ICELRPSL005,,ICELRPSL005,,2957,Piece,Each,1,Havells ICELRPSL005-Timer,,,,,,Type of Product,Timer,,,,,,,,,,,,,,,,,,,,,1726831380-Product-ICELRPSL005.PNG,,,18%,,,,,,,,,1,08-10 Days,
Havells ISPNAFM711-Front Block 1NO 1NC,Havells,Panel & Panel Accessories,Low Voltage Switch Gear,Spares - Motor Starter & Controller,Front Block 1NO 1NC,ISPNAFM711,,ISPNAFM711,,526,Piece,Each,1,Havells ISPNAFM711-Front Block 1NO 1NC,,,,,,Type of Product,Front Block,,,,,,,,,,,,,,,,,,,,,1726831397-Product-ISPNAFM711.PNG,,,18%,,,,,,,,,1,08-10 Days,
Havells ISCELEL00218-Mini Rocker Switch - SPP By Pass,Havells,Panel & Panel Accessories,Low Voltage Switch Gear,Spares - Motor Starter & Controller,Mini Rocker Switch - SPP By Pass,ISCELEL00218,,ISCELEL00218,,50,Piece,Each,1,Havells ISCELEL00218-Mini Rocker Switch - SPP By Pass,,,,,,Type of Product,Mini Rocker Switch,,,,,,,,,,,,,,,,,,,,,1726831406-Product-ISCELEL00218.PNG,,,18%,,,,,,,,,1,08-10 Days,
"Havells IHXTS03060-HGS Smarty Series, 3-Phase",Havells,Panel & Panel Accessories,Panel Enclosure,Street Light Panel,HGS Smarty Series,IHXTS03060,,IHXTS03060,,32860,Piece,Each,1,"Havells IHXTS03060-HGS Smarty Series, 3-Phase",,,,,,Phase,3,Max. Load (kW),6 kW,Contactor Rating (A),32 A TP,MCB Rating,40 A TPN,,,,,,,,,,,,,,,1726831420-Product-IHXTS03060.PNG,,,18%,,,,,,,,,1,08-10 Days,
"Havells IHXTS09120-HGS Smarty Series, 3-Phase",Havells,Panel & Panel Accessories,Panel Enclosure,Street Light Panel,HGS Smarty Series,IHXTS09120,,IHXTS09120,,50704,Piece,Each,1,"Havells IHXTS09120-HGS Smarty Series, 3-Phase",,,,,,Phase,3,Max. Load (kW),12 kW,Contactor Rating (A),65 A TP,MCB Rating,63 A TPN,,,,,,,,,,,,,,,1726831420-Product-IHXTS03060.PNG,,,18%,,,,,,,,,1,08-10 Days,
"Havells IHXSS01060-HGS Smarty Series, 1-Phase",Havells,Panel & Panel Accessories,Panel Enclosure,Street Light Panel,HGS Smarty Series,IHXSS01060,,IHXSS01060,,24639,Piece,Each,1,"Havells IHXSS01060-HGS Smarty Series, 1-Phase",,,,,,Phase,1,Max. Load (kW),6 kW,Contactor Rating (A),32 A TP,MCB Rating,40 A SPN,,,,,,,,,,,,,,,1726831420-Product-IHXTS03060.PNG,,,18%,,,,,,,,,1,08-10 Days,
"Havells IHXSS03120-HGS Smarty Series, 1-Phase",Havells,Panel & Panel Accessories,Panel Enclosure,Street Light Panel,HGS Smarty Series,IHXSS03120,,IHXSS03120,,37023,Piece,Each,1,"Havells IHXSS03120-HGS Smarty Series, 1-Phase",,,,,,Phase,1,Max. Load (kW),12 kW,Contactor Rating (A),65 A TP,MCB Rating,63 A SPN,,,,,,,,,,,,,,,1726831420-Product-IHXTS03060.PNG,,,18%,,,,,,,,,1,08-10 Days,
"Havells IHXTS0306A-HGS Smarty Series, 3-Phase",Havells,Panel & Panel Accessories,Panel Enclosure,Street Light Panel,HGS Smarty Series,IHXTS0306A,,IHXTS0306A,,33860,Piece,Each,1,"Havells IHXTS0306A-HGS Smarty Series, 3-Phase",,,,,,Phase,3,Max. Load (kW),6 kW,Contactor Rating (A),32 A TP,MCB Rating,40 A TPN,,,,,,,,,,,,,,,1726831420-Product-IHXTS03060.PNG,,,18%,,,,,,,,,1,08-10 Days,
"Havells IHXTS0912A-HGS Smarty Series, 3-Phase",Havells,Panel & Panel Accessories,Panel Enclosure,Street Light Panel,HGS Smarty Series,IHXTS0912A,,IHXTS0912A,,51704,Piece,Each,1,"Havells IHXTS0912A-HGS Smarty Series, 3-Phase",,,,,,Phase,3,Max. Load (kW),12 kW,Contactor Rating (A),65 A TP,MCB Rating,63 A TPN,,,,,,,,,,,,,,,1726831420-Product-IHXTS03060.PNG,,,18%,,,,,,,,,1,08-10 Days,
"Havells IHXSS0106A-HGS Smarty Series, 1-Phase",Havells,Panel & Panel Accessories,Panel Enclosure,Street Light Panel,HGS Smarty Series,IHXSS0106A,,IHXSS0106A,,25639,Piece,Each,1,"Havells IHXSS0106A-HGS Smarty Series, 1-Phase",,,,,,Phase,1,Max. Load (kW),6 kW,Contactor Rating (A),32 A TP,MCB Rating,40 A SPN,,,,,,,,,,,,,,,1726831420-Product-IHXTS03060.PNG,,,18%,,,,,,,,,1,08-10 Days,
"Havells IHXSS0312A-HGS Smarty Series, 1-Phase",Havells,Panel & Panel Accessories,Panel Enclosure,Street Light Panel,HGS Smarty Series,IHXSS0312A,,IHXSS0312A,,38023,Piece,Each,1,"Havells IHXSS0312A-HGS Smarty Series, 1-Phase",,,,,,Phase,1,Max. Load (kW),12 kW,Contactor Rating (A),65 A TP,MCB Rating,63 A SPN,,,,,,,,,,,,,,,1726831420-Product-IHXTS03060.PNG,,,18%,,,,,,,,,1,08-10 Days,
Havells ISCELMLX0012-Programmable Time Switch for SLP,Havells,Panel & Panel Accessories,Low Voltage Switch Gear,Time Switch,Programmable Time Switch for SLP,ISCELMLX0012,,ISCELMLX0012,,3569,Piece,Each,1,Havells ISCELMLX0012-Programmable Time Switch for SLP,,,,,,Type of Product,Programmable Time Switch,,,,,,,,,,,,,,,,,,,,,1726831434-Product-ISCELMLX0012.PNG,,,18%,,,,,,,,,1,08-10 Days,
Havells ISCELMLX0013-Astronomical Time Switch for SLP,Havells,Panel & Panel Accessories,Low Voltage Switch Gear,Time Switch,Astronomical Time Switch for SLP,ISCELMLX0013,,ISCELMLX0013,,3858,Piece,Each,1,Havells ISCELMLX0013-Astronomical Time Switch for SLP,,,,,,Type of Product,Astronomical Time Switch,,,,,,,,,,,,,,,,,,,,,1726831444-Product-ISCELMLX0013.PNG,,,18%,,,,,,,,,1,08-10 Days,
"Havells IHATE11060-3 Pole ACB with Microprocessor Release IPR 1+, 630 Amp, 50 kA, 415 V",Havells,Panel & Panel Accessories,Low Voltage Switch Gear,ACB,3 Pole ACB with Microprocessor Release IPR 1+,IHATE11060,,IHATE11060,,141390,Piece,Each,1,"Havells IHATE11060-3 Pole ACB with Microprocessor Release IPR 1+, 630 Amp, 50 kA, 415 V",,,,,,Current Rating,630 Amp,Breaking Capacity,50 kA,Voltage Rating,415 V,,,,,,,,,,,,,,,,,1726831454-Product-IHATE11060.PNG,,,18%,,,,,,,,,1,08-10 Days,
"Havells IHATE11080-3 Pole ACB with Microprocessor Release IPR 1+, 800 Amp, 50 kA, 415 V",Havells,Panel & Panel Accessories,Low Voltage Switch Gear,ACB,3 Pole ACB with Microprocessor Release IPR 1+,IHATE11080,,IHATE11080,,141390,Piece,Each,1,"Havells IHATE11080-3 Pole ACB with Microprocessor Release IPR 1+, 800 Amp, 50 kA, 415 V",,,,,,Current Rating,800 Amp,Breaking Capacity,50 kA,Voltage Rating,415 V,,,,,,,,,,,,,,,,,1726831454-Product-IHATE11060.PNG,,,18%,,,,,,,,,1,08-10 Days,
"Havells IHATE11100-3 Pole ACB with Microprocessor Release IPR 1+, 1000 Amp, 50 kA, 415 V",Havells,Panel & Panel Accessories,Low Voltage Switch Gear,ACB,3 Pole ACB with Microprocessor Release IPR 1+,IHATE11100,,IHATE11100,,144140,Piece,Each,1,"Havells IHATE11100-3 Pole ACB with Microprocessor Release IPR 1+, 1000 Amp, 50 kA, 415 V",,,,,,Current Rating,1000 Amp,Breaking Capacity,50 kA,Voltage Rating,415 V,,,,,,,,,,,,,,,,,1726831454-Product-IHATE11060.PNG,,,18%,,,,,,,,,1,08-10 Days,
"Havells IHATE11120-3 Pole ACB with Microprocessor Release IPR 1+, 1250 Amp, 50 kA, 415 V",Havells,Panel & Panel Accessories,Low Voltage Switch Gear,ACB,3 Pole ACB with Microprocessor Release IPR 1+,IHATE11120,,IHATE11120,,160990,Piece,Each,1,"Havells IHATE11120-3 Pole ACB with Microprocessor Release IPR 1+, 1250 Amp, 50 kA, 415 V",,,,,,Current Rating,1250 Amp,Breaking Capacity,50 kA,Voltage Rating,415 V,,,,,,,,,,,,,,,,,1726831454-Product-IHATE11060.PNG,,,18%,,,,,,,,,1,08-10 Days,
"Havells IHATE11160-3 Pole ACB with Microprocessor Release IPR 1+, 1600 Amp, 50 kA, 415 V",Havells,Panel & Panel Accessories,Low Voltage Switch Gear,ACB,3 Pole ACB with Microprocessor Release IPR 1+,IHATE11160,,IHATE11160,,175575,Piece,Each,1,"Havells IHATE11160-3 Pole ACB with Microprocessor Release IPR 1+, 1600 Amp, 50 kA, 415 V",,,,,,Current Rating,1600 Amp,Breaking Capacity,50 kA,Voltage Rating,415 V,,,,,,,,,,,,,,,,,1726831454-Product-IHATE11060.PNG,,,18%,,,,,,,,,1,08-10 Days,
"Havells IHATE11200-3 Pole ACB with Microprocessor Release IPR 1+, 2000 Amp, 50 kA, 415 V",Havells,Panel & Panel Accessories,Low Voltage Switch Gear,ACB,3 Pole ACB with Microprocessor Release IPR 1+,IHATE11200,,IHATE11200,,202725,Piece,Each,1,"Havells IHATE11200-3 Pole ACB with Microprocessor Release IPR 1+, 2000 Amp, 50 kA, 415 V",,,,,,Current Rating,2000 Amp,Breaking Capacity,50 kA,Voltage Rating,415 V,,,,,,,,,,,,,,,,,1726831454-Product-IHATE11060.PNG,,,18%,,,,,,,,,1,08-10 Days,
"Havells IHATE21060-3 Pole ACB with Microprocessor Release IPR 1+, 630 Amp, 50 kA, 415 V",Havells,Panel & Panel Accessories,Low Voltage Switch Gear,ACB,3 Pole ACB with Microprocessor Release IPR 1+,IHATE21060,,IHATE21060,,183810,Piece,Each,1,"Havells IHATE21060-3 Pole ACB with Microprocessor Release IPR 1+, 630 Amp, 50 kA, 415 V",,,,,,Current Rating,630 Amp,Breaking Capacity,50 kA,Voltage Rating,415 V,,,,,,,,,,,,,,,,,1726831454-Product-IHATE11060.PNG,,,18%,,,,,,,,,1,08-10 Days,
"Havells IHATE21080-3 Pole ACB with Microprocessor Release IPR 1+, 800 Amp, 50 kA, 415 V",Havells,Panel & Panel Accessories,Low Voltage Switch Gear,ACB,3 Pole ACB with Microprocessor Release IPR 1+,IHATE21080,,IHATE21080,,183810,Piece,Each,1,"Havells IHATE21080-3 Pole ACB with Microprocessor Release IPR 1+, 800 Amp, 50 kA, 415 V",,,,,,Current Rating,800 Amp,Breaking Capacity,50 kA,Voltage Rating,415 V,,,,,,,,,,,,,,,,,1726831454-Product-IHATE11060.PNG,,,18%,,,,,,,,,1,08-10 Days,
"Havells IHATE21100-3 Pole ACB with Microprocessor Release IPR 1+, 1000 Amp, 50 kA, 415 V",Havells,Panel & Panel Accessories,Low Voltage Switch Gear,ACB,3 Pole ACB with Microprocessor Release IPR 1+,IHATE21100,,IHATE21100,,187380,Piece,Each,1,"Havells IHATE21100-3 Pole ACB with Microprocessor Release IPR 1+, 1000 Amp, 50 kA, 415 V",,,,,,Current Rating,1000 Amp,Breaking Capacity,50 kA,Voltage Rating,415 V,,,,,,,,,,,,,,,,,1726831454-Product-IHATE11060.PNG,,,18%,,,,,,,,,1,08-10 Days,
"Havells IHATE21120-3 Pole ACB with Microprocessor Release IPR 1+, 1250 Amp, 50 kA, 415 V",Havells,Panel & Panel Accessories,Low Voltage Switch Gear,ACB,3 Pole ACB with Microprocessor Release IPR 1+,IHATE21120,,IHATE21120,,202725,Piece,Each,1,"Havells IHATE21120-3 Pole ACB with Microprocessor Release IPR 1+, 1250 Amp, 50 kA, 415 V",,,,,,Current Rating,1250 Amp,Breaking Capacity,50 kA,Voltage Rating,415 V,,,,,,,,,,,,,,,,,1726831454-Product-IHATE11060.PNG,,,18%,,,,,,,,,1,08-10 Days,
"Havells IHATE21160-3 Pole ACB with Microprocessor Release IPR 1+, 1600 Amp, 50 kA, 415 V",Havells,Panel & Panel Accessories,Low Voltage Switch Gear,ACB,3 Pole ACB with Microprocessor Release IPR 1+,IHATE21160,,IHATE21160,,220615,Piece,Each,1,"Havells IHATE21160-3 Pole ACB with Microprocessor Release IPR 1+, 1600 Amp, 50 kA, 415 V",,,,,,Current Rating,1600 Amp,Breaking Capacity,50 kA,Voltage Rating,415 V,,,,,,,,,,,,,,,,,1726831454-Product-IHATE11060.PNG,,,18%,,,,,,,,,1,08-10 Days,
"Havells IHATE21200-3 Pole ACB with Microprocessor Release IPR 1+, 2000 Amp, 50 kA, 415 V",Havells,Panel & Panel Accessories,Low Voltage Switch Gear,ACB,3 Pole ACB with Microprocessor Release IPR 1+,IHATE21200,,IHATE21200,,266220,Piece,Each,1,"Havells IHATE21200-3 Pole ACB with Microprocessor Release IPR 1+, 2000 Amp, 50 kA, 415 V",,,,,,Current Rating,2000 Amp,Breaking Capacity,50 kA,Voltage Rating,415 V,,,,,,,,,,,,,,,,,1726831454-Product-IHATE11060.PNG,,,18%,,,,,,,,,1,08-10 Days,
"Havells IHATS11060-3 Pole ACB with Microprocessor Release IPR 1+, 630 Amp, 65 kA, 415 V",Havells,Panel & Panel Accessories,Low Voltage Switch Gear,ACB,3 Pole ACB with Microprocessor Release IPR 1+,IHATS11060,,IHATS11060,,153910,Piece,Each,1,"Havells IHATS11060-3 Pole ACB with Microprocessor Release IPR 1+, 630 Amp, 65 kA, 415 V",,,,,,Current Rating,630 Amp,Breaking Capacity,65 kA,Voltage Rating,415 V,,,,,,,,,,,,,,,,,1726831470-Product-IHATS11060.PNG,,,18%,,,,,,,,,1,08-10 Days,
"Havells IHATS11080-3 Pole ACB with Microprocessor Release IPR 1+, 800 Amp, 65 kA, 415 V",Havells,Panel & Panel Accessories,Low Voltage Switch Gear,ACB,3 Pole ACB with Microprocessor Release IPR 1+,IHATS11080,,IHATS11080,,153910,Piece,Each,1,"Havells IHATS11080-3 Pole ACB with Microprocessor Release IPR 1+, 800 Amp, 65 kA, 415 V",,,,,,Current Rating,800 Amp,Breaking Capacity,65 kA,Voltage Rating,415 V,,,,,,,,,,,,,,,,,1726831470-Product-IHATS11060.PNG,,,18%,,,,,,,,,1,08-10 Days,
"Havells IHATS11100-3 Pole ACB with Microprocessor Release IPR 1+, 1000 Amp, 65 kA, 415 V",Havells,Panel & Panel Accessories,Low Voltage Switch Gear,ACB,3 Pole ACB with Microprocessor Release IPR 1+,IHATS11100,,IHATS11100,,161060,Piece,Each,1,"Havells IHATS11100-3 Pole ACB with Microprocessor Release IPR 1+, 1000 Amp, 65 kA, 415 V",,,,,,Current Rating,1000 Amp,Breaking Capacity,65 kA,Voltage Rating,415 V,,,,,,,,,,,,,,,,,1726831470-Product-IHATS11060.PNG,,,18%,,,,,,,,,1,08-10 Days,
"Havells IHATS11120-3 Pole ACB with Microprocessor Release IPR 1+, 1250 Amp, 65 kA, 415 V",Havells,Panel & Panel Accessories,Low Voltage Switch Gear,ACB,3 Pole ACB with Microprocessor Release IPR 1+,IHATS11120,,IHATS11120,,199350,Piece,Each,1,"Havells IHATS11120-3 Pole ACB with Microprocessor Release IPR 1+, 1250 Amp, 65 kA, 415 V",,,,,,Current Rating,1250 Amp,Breaking Capacity,65 kA,Voltage Rating,415 V,,,,,,,,,,,,,,,,,1726831470-Product-IHATS11060.PNG,,,18%,,,,,,,,,1,08-10 Days,
"Havells IHATS11160-3 Pole ACB with Microprocessor Release IPR 1+, 1600 Amp, 65 kA, 415 V",Havells,Panel & Panel Accessories,Low Voltage Switch Gear,ACB,3 Pole ACB with Microprocessor Release IPR 1+,IHATS11160,,IHATS11160,,210975,Piece,Each,1,"Havells IHATS11160-3 Pole ACB with Microprocessor Release IPR 1+, 1600 Amp, 65 kA, 415 V",,,,,,Current Rating,1600 Amp,Breaking Capacity,65 kA,Voltage Rating,415 V,,,,,,,,,,,,,,,,,1726831470-Product-IHATS11060.PNG,,,18%,,,,,,,,,1,08-10 Days,
"Havells IHATS11200-3 Pole ACB with Microprocessor Release IPR 1+, 2000 Amp, 65 kA, 415 V",Havells,Panel & Panel Accessories,Low Voltage Switch Gear,ACB,3 Pole ACB with Microprocessor Release IPR 1+,IHATS11200,,IHATS11200,,226575,Piece,Each,1,"Havells IHATS11200-3 Pole ACB with Microprocessor Release IPR 1+, 2000 Amp, 65 kA, 415 V",,,,,,Current Rating,2000 Amp,Breaking Capacity,65 kA,Voltage Rating,415 V,,,,,,,,,,,,,,,,,1726831470-Product-IHATS11060.PNG,,,18%,,,,,,,,,1,08-10 Days,
"Havells IHATH11250-3 Pole ACB with Microprocessor Release IPR 1+, 2500 Amp, 75 kA, 415 V",Havells,Panel & Panel Accessories,Low Voltage Switch Gear,ACB,3 Pole ACB with Microprocessor Release IPR 1+,IHATH11250,,IHATH11250,,262845,Piece,Each,1,"Havells IHATH11250-3 Pole ACB with Microprocessor Release IPR 1+, 2500 Amp, 75 kA, 415 V",,,,,,Current Rating,2500 Amp,Breaking Capacity,75 kA,Voltage Rating,415 V,,,,,,,,,,,,,,,,,1726831470-Product-IHATS11060.PNG,,,18%,,,,,,,,,1,08-10 Days,
"Havells IHATS21060-3 Pole ACB with Microprocessor Release IPR 1+, 630 Amp, 65 kA, 415 V",Havells,Panel & Panel Accessories,Low Voltage Switch Gear,ACB,3 Pole ACB with Microprocessor Release IPR 1+,IHATS21060,,IHATS21060,,236970,Piece,Each,1,"Havells IHATS21060-3 Pole ACB with Microprocessor Release IPR 1+, 630 Amp, 65 kA, 415 V",,,,,,Current Rating,630 Amp,Breaking Capacity,65 kA,Voltage Rating,415 V,,,,,,,,,,,,,,,,,1726831470-Product-IHATS11060.PNG,,,18%,,,,,,,,,1,08-10 Days,
"Havells IHATS21080-3 Pole ACB with Microprocessor Release IPR 1+, 800 Amp, 65 kA, 415 V",Havells,Panel & Panel Accessories,Low Voltage Switch Gear,ACB,3 Pole ACB with Microprocessor Release IPR 1+,IHATS21080,,IHATS21080,,236970,Piece,Each,1,"Havells IHATS21080-3 Pole ACB with Microprocessor Release IPR 1+, 800 Amp, 65 kA, 415 V",,,,,,Current Rating,800 Amp,Breaking Capacity,65 kA,Voltage Rating,415 V,,,,,,,,,,,,,,,,,1726831470-Product-IHATS11060.PNG,,,18%,,,,,,,,,1,08-10 Days,
"Havells IHATS21100-3 Pole ACB with Microprocessor Release IPR 1+, 1000 Amp, 65 kA, 415 V",Havells,Panel & Panel Accessories,Low Voltage Switch Gear,ACB,3 Pole ACB with Microprocessor Release IPR 1+,IHATS21100,,IHATS21100,,256085,Piece,Each,1,"Havells IHATS21100-3 Pole ACB with Microprocessor Release IPR 1+, 1000 Amp, 65 kA, 415 V",,,,,,Current Rating,1000 Amp,Breaking Capacity,65 kA,Voltage Rating,415 V,,,,,,,,,,,,,,,,,1726831470-Product-IHATS11060.PNG,,,18%,,,,,,,,,1,08-10 Days,
"Havells IHATS21120-3 Pole ACB with Microprocessor Release IPR 1+, 1250 Amp, 65 kA, 415 V",Havells,Panel & Panel Accessories,Low Voltage Switch Gear,ACB,3 Pole ACB with Microprocessor Release IPR 1+,IHATS21120,,IHATS21120,,289060,Piece,Each,1,"Havells IHATS21120-3 Pole ACB with Microprocessor Release IPR 1+, 1250 Amp, 65 kA, 415 V",,,,,,Current Rating,1250 Amp,Breaking Capacity,65 kA,Voltage Rating,415 V,,,,,,,,,,,,,,,,,1726831470-Product-IHATS11060.PNG,,,18%,,,,,,,,,1,08-10 Days,
"Havells IHATS21160-3 Pole ACB with Microprocessor Release IPR 1+, 1600 Amp, 65 kA, 415 V",Havells,Panel & Panel Accessories,Low Voltage Switch Gear,ACB,3 Pole ACB with Microprocessor Release IPR 1+,IHATS21160,,IHATS21160,,314355,Piece,Each,1,"Havells IHATS21160-3 Pole ACB with Microprocessor Release IPR 1+, 1600 Amp, 65 kA, 415 V",,,,,,Current Rating,1600 Amp,Breaking Capacity,65 kA,Voltage Rating,415 V,,,,,,,,,,,,,,,,,1726831470-Product-IHATS11060.PNG,,,18%,,,,,,,,,1,08-10 Days,
"Havells IHATS21200-3 Pole ACB with Microprocessor Release IPR 1+, 2000 Amp, 65 kA, 415 V",Havells,Panel & Panel Accessories,Low Voltage Switch Gear,ACB,3 Pole ACB with Microprocessor Release IPR 1+,IHATS21200,,IHATS21200,,333900,Piece,Each,1,"Havells IHATS21200-3 Pole ACB with Microprocessor Release IPR 1+, 2000 Amp, 65 kA, 415 V",,,,,,Current Rating,2000 Amp,Breaking Capacity,65 kA,Voltage Rating,415 V,,,,,,,,,,,,,,,,,1726831470-Product-IHATS11060.PNG,,,18%,,,,,,,,,1,08-10 Days,
"Havells IHATH21250-3 Pole ACB with Microprocessor Release IPR 1+, 2500 Amp, 75 kA, 415 V",Havells,Panel & Panel Accessories,Low Voltage Switch Gear,ACB,3 Pole ACB with Microprocessor Release IPR 1+,IHATH21250,,IHATH21250,,391640,Piece,Each,1,"Havells IHATH21250-3 Pole ACB with Microprocessor Release IPR 1+, 2500 Amp, 75 kA, 415 V",,,,,,Current Rating,2500 Amp,Breaking Capacity,75 kA,Voltage Rating,415 V,,,,,,,,,,,,,,,,,1726831470-Product-IHATS11060.PNG,,,18%,,,,,,,,,1,08-10 Days,
"Havells IHAFE11060-4 Pole ACB with Microprocessor Release IPR 1+, 630 Amp, 50 kA, 415 V",Havells,Panel & Panel Accessories,Low Voltage Switch Gear,ACB,4 Pole ACB with Microprocessor Release IPR 1+,IHAFE11060,,IHAFE11060,,179010,Piece,Each,1,"Havells IHAFE11060-4 Pole ACB with Microprocessor Release IPR 1+, 630 Amp, 50 kA, 415 V",,,,,,Current Rating,630 Amp,Breaking Capacity,50 kA,Voltage Rating,415 V,,,,,,,,,,,,,,,,,1726831487-Product-IHAFE11060.PNG,,,18%,,,,,,,,,1,08-10 Days,
"Havells IHAFE11080-4 Pole ACB with Microprocessor Release IPR 1+, 800 Amp, 50 kA, 415 V",Havells,Panel & Panel Accessories,Low Voltage Switch Gear,ACB,4 Pole ACB with Microprocessor Release IPR 1+,IHAFE11080,,IHAFE11080,,179010,Piece,Each,1,"Havells IHAFE11080-4 Pole ACB with Microprocessor Release IPR 1+, 800 Amp, 50 kA, 415 V",,,,,,Current Rating,800 Amp,Breaking Capacity,50 kA,Voltage Rating,415 V,,,,,,,,,,,,,,,,,1726831487-Product-IHAFE11060.PNG,,,18%,,,,,,,,,1,08-10 Days,
"Havells IHAFE11100-4 Pole ACB with Microprocessor Release IPR 1+, 1000 Amp, 50 kA, 415 V",Havells,Panel & Panel Accessories,Low Voltage Switch Gear,ACB,4 Pole ACB with Microprocessor Release IPR 1+,IHAFE11100,,IHAFE11100,,186955,Piece,Each,1,"Havells IHAFE11100-4 Pole ACB with Microprocessor Release IPR 1+, 1000 Amp, 50 kA, 415 V",,,,,,Current Rating,1000 Amp,Breaking Capacity,50 kA,Voltage Rating,415 V,,,,,,,,,,,,,,,,,1726831487-Product-IHAFE11060.PNG,,,18%,,,,,,,,,1,08-10 Days,
"Havells IHAFE11120-4 Pole ACB with Microprocessor Release IPR 1+, 1250 Amp, 50 kA, 415 V",Havells,Panel & Panel Accessories,Low Voltage Switch Gear,ACB,4 Pole ACB with Microprocessor Release IPR 1+,IHAFE11120,,IHAFE11120,,197755,Piece,Each,1,"Havells IHAFE11120-4 Pole ACB with Microprocessor Release IPR 1+, 1250 Amp, 50 kA, 415 V",,,,,,Current Rating,1250 Amp,Breaking Capacity,50 kA,Voltage Rating,415 V,,,,,,,,,,,,,,,,,1726831487-Product-IHAFE11060.PNG,,,18%,,,,,,,,,1,08-10 Days,
"Havells IHAFE11160-4 Pole ACB with Microprocessor Release IPR 1+, 1600 Amp, 50 kA, 415 V",Havells,Panel & Panel Accessories,Low Voltage Switch Gear,ACB,4 Pole ACB with Microprocessor Release IPR 1+,IHAFE11160,,IHAFE11160,,219245,Piece,Each,1,"Havells IHAFE11160-4 Pole ACB with Microprocessor Release IPR 1+, 1600 Amp, 50 kA, 415 V",,,,,,Current Rating,1600 Amp,Breaking Capacity,50 kA,Voltage Rating,415 V,,,,,,,,,,,,,,,,,1726831487-Product-IHAFE11060.PNG,,,18%,,,,,,,,,1,08-10 Days,
"Havells IHAFE11200-4 Pole ACB with Microprocessor Release IPR 1+, 2000 Amp, 50 kA, 415 V",Havells,Panel & Panel Accessories,Low Voltage Switch Gear,ACB,4 Pole ACB with Microprocessor Release IPR 1+,IHAFE11200,,IHAFE11200,,259480,Piece,Each,1,"Havells IHAFE11200-4 Pole ACB with Microprocessor Release IPR 1+, 2000 Amp, 50 kA, 415 V",,,,,,Current Rating,2000 Amp,Breaking Capacity,50 kA,Voltage Rating,415 V,,,,,,,,,,,,,,,,,1726831487-Product-IHAFE11060.PNG,,,18%,,,,,,,,,1,08-10 Days,
"Havells IHAFE21060-4 Pole ACB with Microprocessor Release IPR 1+, 630 Amp, 50 kA, 415 V",Havells,Panel & Panel Accessories,Low Voltage Switch Gear,ACB,4 Pole ACB with Microprocessor Release IPR 1+,IHAFE21060,,IHAFE21060,,227370,Piece,Each,1,"Havells IHAFE21060-4 Pole ACB with Microprocessor Release IPR 1+, 630 Amp, 50 kA, 415 V",,,,,,Current Rating,630 Amp,Breaking Capacity,50 kA,Voltage Rating,415 V,,,,,,,,,,,,,,,,,1726831487-Product-IHAFE11060.PNG,,,18%,,,,,,,,,1,08-10 Days,
"Havells IHAFE21080-4 Pole ACB with Microprocessor Release IPR 1+, 800 Amp, 50 kA, 415 V",Havells,Panel & Panel Accessories,Low Voltage Switch Gear,ACB,4 Pole ACB with Microprocessor Release IPR 1+,IHAFE21080,,IHAFE21080,,227370,Piece,Each,1,"Havells IHAFE21080-4 Pole ACB with Microprocessor Release IPR 1+, 800 Amp, 50 kA, 415 V",,,,,,Current Rating,800 Amp,Breaking Capacity,50 kA,Voltage Rating,415 V,,,,,,,,,,,,,,,,,1726831487-Product-IHAFE11060.PNG,,,18%,,,,,,,,,1,08-10 Days,
"Havells IHAFE21100-4 Pole ACB with Microprocessor Release IPR 1+, 1000 Amp, 50 kA, 415 V",Havells,Panel & Panel Accessories,Low Voltage Switch Gear,ACB,4 Pole ACB with Microprocessor Release IPR 1+,IHAFE21100,,IHAFE21100,,243040,Piece,Each,1,"Havells IHAFE21100-4 Pole ACB with Microprocessor Release IPR 1+, 1000 Amp, 50 kA, 415 V",,,,,,Current Rating,1000 Amp,Breaking Capacity,50 kA,Voltage Rating,415 V,,,,,,,,,,,,,,,,,1726831487-Product-IHAFE11060.PNG,,,18%,,,,,,,,,1,08-10 Days,
"Havells IHAFE21120-4 Pole ACB with Microprocessor Release IPR 1+, 1250 Amp, 50 kA, 415 V",Havells,Panel & Panel Accessories,Low Voltage Switch Gear,ACB,4 Pole ACB with Microprocessor Release IPR 1+,IHAFE21120,,IHAFE21120,,257075,Piece,Each,1,"Havells IHAFE21120-4 Pole ACB with Microprocessor Release IPR 1+, 1250 Amp, 50 kA, 415 V",,,,,,Current Rating,1250 Amp,Breaking Capacity,50 kA,Voltage Rating,415 V,,,,,,,,,,,,,,,,,1726831487-Product-IHAFE11060.PNG,,,18%,,,,,,,,,1,08-10 Days,
"Havells IHAFE21160-4 Pole ACB with Microprocessor Release IPR 1+, 1600 Amp, 50 kA, 415 V",Havells,Panel & Panel Accessories,Low Voltage Switch Gear,ACB,4 Pole ACB with Microprocessor Release IPR 1+,IHAFE21160,,IHAFE21160,,282395,Piece,Each,1,"Havells IHAFE21160-4 Pole ACB with Microprocessor Release IPR 1+, 1600 Amp, 50 kA, 415 V",,,,,,Current Rating,1600 Amp,Breaking Capacity,50 kA,Voltage Rating,415 V,,,,,,,,,,,,,,,,,1726831487-Product-IHAFE11060.PNG,,,18%,,,,,,,,,1,08-10 Days,
"Havells IHAFE21200-4 Pole ACB with Microprocessor Release IPR 1+, 2000 Amp, 50 kA, 415 V",Havells,Panel & Panel Accessories,Low Voltage Switch Gear,ACB,4 Pole ACB with Microprocessor Release IPR 1+,IHAFE21200,,IHAFE21200,,336285,Piece,Each,1,"Havells IHAFE21200-4 Pole ACB with Microprocessor Release IPR 1+, 2000 Amp, 50 kA, 415 V",,,,,,Current Rating,2000 Amp,Breaking Capacity,50 kA,Voltage Rating,415 V,,,,,,,,,,,,,,,,,1726831487-Product-IHAFE11060.PNG,,,18%,,,,,,,,,1,08-10 Days,
"Havells IHAFS11060-4 Pole ACB with Microprocessor Release IPR 1+, 630 Amp, 65 kA, 415 V",Havells,Panel & Panel Accessories,Low Voltage Switch Gear,ACB,4 Pole ACB with Microprocessor Release IPR 1+,IHAFS11060,,IHAFS11060,,193945,Piece,Each,1,"Havells IHAFS11060-4 Pole ACB with Microprocessor Release IPR 1+, 630 Amp, 65 kA, 415 V",,,,,,Current Rating,630 Amp,Breaking Capacity,65 kA,Voltage Rating,415 V,,,,,,,,,,,,,,,,,1726831502-Product-IHAFS11060.PNG,,,18%,,,,,,,,,1,08-10 Days,
"Havells IHAFS11080-4 Pole ACB with Microprocessor Release IPR 1+, 800 Amp, 65 kA, 415 V",Havells,Panel & Panel Accessories,Low Voltage Switch Gear,ACB,4 Pole ACB with Microprocessor Release IPR 1+,IHAFS11080,,IHAFS11080,,193945,Piece,Each,1,"Havells IHAFS11080-4 Pole ACB with Microprocessor Release IPR 1+, 800 Amp, 65 kA, 415 V",,,,,,Current Rating,800 Amp,Breaking Capacity,65 kA,Voltage Rating,415 V,,,,,,,,,,,,,,,,,1726831502-Product-IHAFS11060.PNG,,,18%,,,,,,,,,1,08-10 Days,
"Havells IHAFS11100-4 Pole ACB with Microprocessor Release IPR 1+, 1000 Amp, 65 kA, 415 V",Havells,Panel & Panel Accessories,Low Voltage Switch Gear,ACB,4 Pole ACB with Microprocessor Release IPR 1+,IHAFS11100,,IHAFS11100,,224490,Piece,Each,1,"Havells IHAFS11100-4 Pole ACB with Microprocessor Release IPR 1+, 1000 Amp, 65 kA, 415 V",,,,,,Current Rating,1000 Amp,Breaking Capacity,65 kA,Voltage Rating,415 V,,,,,,,,,,,,,,,,,1726831502-Product-IHAFS11060.PNG,,,18%,,,,,,,,,1,08-10 Days,
"Havells IHAFS11120-4 Pole ACB with Microprocessor Release IPR 1+, 1250 Amp, 65 kA, 415 V",Havells,Panel & Panel Accessories,Low Voltage Switch Gear,ACB,4 Pole ACB with Microprocessor Release IPR 1+,IHAFS11120,,IHAFS11120,,257160,Piece,Each,1,"Havells IHAFS11120-4 Pole ACB with Microprocessor Release IPR 1+, 1250 Amp, 65 kA, 415 V",,,,,,Current Rating,1250 Amp,Breaking Capacity,65 kA,Voltage Rating,415 V,,,,,,,,,,,,,,,,,1726831502-Product-IHAFS11060.PNG,,,18%,,,,,,,,,1,08-10 Days,
"Havells IHAFS11160-4 Pole ACB with Microprocessor Release IPR 1+, 1600 Amp, 65 kA, 415 V",Havells,Panel & Panel Accessories,Low Voltage Switch Gear,ACB,4 Pole ACB with Microprocessor Release IPR 1+,IHAFS11160,,IHAFS11160,,301050,Piece,Each,1,"Havells IHAFS11160-4 Pole ACB with Microprocessor Release IPR 1+, 1600 Amp, 65 kA, 415 V",,,,,,Current Rating,1600 Amp,Breaking Capacity,65 kA,Voltage Rating,415 V,,,,,,,,,,,,,,,,,1726831502-Product-IHAFS11060.PNG,,,18%,,,,,,,,,1,08-10 Days,
"Havells IHAFS11200-4 Pole ACB with Microprocessor Release IPR 1+, 2000 Amp, 65 kA, 415 V",Havells,Panel & Panel Accessories,Low Voltage Switch Gear,ACB,4 Pole ACB with Microprocessor Release IPR 1+,IHAFS11200,,IHAFS11200,,321975,Piece,Each,1,"Havells IHAFS11200-4 Pole ACB with Microprocessor Release IPR 1+, 2000 Amp, 65 kA, 415 V",,,,,,Current Rating,2000 Amp,Breaking Capacity,65 kA,Voltage Rating,415 V,,,,,,,,,,,,,,,,,1726831502-Product-IHAFS11060.PNG,,,18%,,,,,,,,,1,08-10 Days,
"Havells IHAFH11250-4 Pole ACB with Microprocessor Release IPR 1+, 2500 Amp, 75 kA, 415 V",Havells,Panel & Panel Accessories,Low Voltage Switch Gear,ACB,4 Pole ACB with Microprocessor Release IPR 1+,IHAFH11250,,IHAFH11250,,345825,Piece,Each,1,"Havells IHAFH11250-4 Pole ACB with Microprocessor Release IPR 1+, 2500 Amp, 75 kA, 415 V",,,,,,Current Rating,2500 Amp,Breaking Capacity,75 kA,Voltage Rating,415 V,,,,,,,,,,,,,,,,,1726831502-Product-IHAFS11060.PNG,,,18%,,,,,,,,,1,08-10 Days,
"Havells IHAFS21060-4 Pole ACB with Microprocessor Release IPR 1+, 630 Amp, 65 kA, 415 V",Havells,Panel & Panel Accessories,Low Voltage Switch Gear,ACB,4 Pole ACB with Microprocessor Release IPR 1+,IHAFS21060,,IHAFS21060,,334780,Piece,Each,1,"Havells IHAFS21060-4 Pole ACB with Microprocessor Release IPR 1+, 630 Amp, 65 kA, 415 V",,,,,,Current Rating,630 Amp,Breaking Capacity,65 kA,Voltage Rating,415 V,,,,,,,,,,,,,,,,,1726831502-Product-IHAFS11060.PNG,,,18%,,,,,,,,,1,08-10 Days,
"Havells IHAFS21080-4 Pole ACB with Microprocessor Release IPR 1+, 800 Amp, 65 kA, 415 V",Havells,Panel & Panel Accessories,Low Voltage Switch Gear,ACB,4 Pole ACB with Microprocessor Release IPR 1+,IHAFS21080,,IHAFS21080,,334780,Piece,Each,1,"Havells IHAFS21080-4 Pole ACB with Microprocessor Release IPR 1+, 800 Amp, 65 kA, 415 V",,,,,,Current Rating,800 Amp,Breaking Capacity,65 kA,Voltage Rating,415 V,,,,,,,,,,,,,,,,,1726831502-Product-IHAFS11060.PNG,,,18%,,,,,,,,,1,08-10 Days,
"Havells IHAFS21100-4 Pole ACB with Microprocessor Release IPR 1+, 1000 Amp, 65 kA, 415 V",Havells,Panel & Panel Accessories,Low Voltage Switch Gear,ACB,4 Pole ACB with Microprocessor Release IPR 1+,IHAFS21100,,IHAFS21100,,343470,Piece,Each,1,"Havells IHAFS21100-4 Pole ACB with Microprocessor Release IPR 1+, 1000 Amp, 65 kA, 415 V",,,,,,Current Rating,1000 Amp,Breaking Capacity,65 kA,Voltage Rating,415 V,,,,,,,,,,,,,,,,,1726831502-Product-IHAFS11060.PNG,,,18%,,,,,,,,,1,08-10 Days,
"Havells IHAFS21120-4 Pole ACB with Microprocessor Release IPR 1+, 1250 Amp, 65 kA, 415 V",Havells,Panel & Panel Accessories,Low Voltage Switch Gear,ACB,4 Pole ACB with Microprocessor Release IPR 1+,IHAFS21120,,IHAFS21120,,393450,Piece,Each,1,"Havells IHAFS21120-4 Pole ACB with Microprocessor Release IPR 1+, 1250 Amp, 65 kA, 415 V",,,,,,Current Rating,1250 Amp,Breaking Capacity,65 kA,Voltage Rating,415 V,,,,,,,,,,,,,,,,,1726831502-Product-IHAFS11060.PNG,,,18%,,,,,,,,,1,08-10 Days,
"Havells IHAFS21160-4 Pole ACB with Microprocessor Release IPR 1+, 1600 Amp, 65 kA, 415 V",Havells,Panel & Panel Accessories,Low Voltage Switch Gear,ACB,4 Pole ACB with Microprocessor Release IPR 1+,IHAFS21160,,IHAFS21160,,460610,Piece,Each,1,"Havells IHAFS21160-4 Pole ACB with Microprocessor Release IPR 1+, 1600 Amp, 65 kA, 415 V",,,,,,Current Rating,1600 Amp,Breaking Capacity,65 kA,Voltage Rating,415 V,,,,,,,,,,,,,,,,,1726831502-Product-IHAFS11060.PNG,,,18%,,,,,,,,,1,08-10 Days,
"Havells IHAFS21200-4 Pole ACB with Microprocessor Release IPR 1+, 2000 Amp, 65 kA, 415 V",Havells,Panel & Panel Accessories,Low Voltage Switch Gear,ACB,4 Pole ACB with Microprocessor Release IPR 1+,IHAFS21200,,IHAFS21200,,470110,Piece,Each,1,"Havells IHAFS21200-4 Pole ACB with Microprocessor Release IPR 1+, 2000 Amp, 65 kA, 415 V",,,,,,Current Rating,2000 Amp,Breaking Capacity,65 kA,Voltage Rating,415 V,,,,,,,,,,,,,,,,,1726831502-Product-IHAFS11060.PNG,,,18%,,,,,,,,,1,08-10 Days,
"Havells IHAFH21250-4 Pole ACB with Microprocessor Release IPR 1+, 2500 Amp, 75 kA, 415 V",Havells,Panel & Panel Accessories,Low Voltage Switch Gear,ACB,4 Pole ACB with Microprocessor Release IPR 1+,IHAFH21250,,IHAFH21250,,480765,Piece,Each,1,"Havells IHAFH21250-4 Pole ACB with Microprocessor Release IPR 1+, 2500 Amp, 75 kA, 415 V",,,,,,Current Rating,2500 Amp,Breaking Capacity,75 kA,Voltage Rating,415 V,,,,,,,,,,,,,,,,,1726831502-Product-IHAFS11060.PNG,,,18%,,,,,,,,,1,08-10 Days,